batch_id,trial,warmup,system,config,phase,ticks,ns_since_e2,delta_ticks,delta_ns,source
20260817T052349Z-1,1,1,whimbrel,release-default,_start,233825,0,0,0,serial
20260817T052349Z-1,1,1,whimbrel,release-default,stamp_a,234279,45400,454,45400,serial
20260817T052349Z-1,1,1,whimbrel,release-default,stamp_b,234333,50800,54,5400,serial
20260817T052349Z-1,1,1,whimbrel,release-default,stvec,244505,1068000,10172,1017200,serial
20260817T052349Z-1,1,1,whimbrel,release-default,frame_init,548159,31433400,303654,30365400,serial
20260817T052349Z-1,1,1,whimbrel,release-default,task_init,581531,34770600,33372,3337200,serial
20260817T052349Z-1,1,1,whimbrel,release-default,page_build,593829,36000400,12298,1229800,serial
20260817T052349Z-1,1,1,whimbrel,release-default,page_verify,724193,49036800,130364,13036400,serial
20260817T052349Z-1,1,1,whimbrel,release-default,activate,726986,49316100,2793,279300,serial
20260817T052349Z-1,1,1,whimbrel,release-default,virtq_init,795980,56215500,68994,6899400,serial
20260817T052349Z-1,1,1,whimbrel,release-default,DRIVER_OK,857684,62385900,61704,6170400,serial
20260817T052349Z-1,1,1,whimbrel,release-default,first_rx,890707,65688200,33023,3302300,serial
20260817T052349Z-1,1,1,whimbrel,release-default,syn_rx,902840,66901500,12133,1213300,serial
20260817T052349Z-1,1,1,whimbrel,release-default,established,910508,67668300,7668,766800,serial
20260817T052349Z-1,1,1,whimbrel,release-default,serving_ready,919403,68557800,8895,889500,serial
20260817T052349Z-1,1,1,whimbrel,release-default,net_init_done,970753,73692800,51350,5135000,serial
20260817T052349Z-1,1,1,whimbrel,release-default,heap_init,970989,73716400,236,23600,serial
20260817T052349Z-1,1,1,whimbrel,release-default,accounting,991962,75813700,20973,2097300,serial
20260817T052349Z-1,1,1,whimbrel,release-default,freeze,992963,75913800,1001,100100,serial
20260817T052349Z-1,1,1,whimbrel,release-default,sret,995171,76134600,2208,220800,serial
20260817T052349Z-1,1,1,whimbrel,release-default,E3g,1014216,78039100,19045,1904500,serial
20260817T052349Z-1,1,1,whimbrel,release-default,E3g_doorbell,1017853,78402800,3637,363700,serial
20260817T052349Z-1,1,1,whimbrel,release-fast-boot,_start,232551,0,0,0,serial
20260817T052349Z-1,1,1,whimbrel,release-fast-boot,stamp_a,232994,44300,443,44300,serial
20260817T052349Z-1,1,1,whimbrel,release-fast-boot,stamp_b,233048,49700,54,5400,serial
20260817T052349Z-1,1,1,whimbrel,release-fast-boot,stvec,235569,301800,2521,252100,serial
20260817T052349Z-1,1,1,whimbrel,release-fast-boot,frame_init,236975,442400,1406,140600,serial
20260817T052349Z-1,1,1,whimbrel,release-fast-boot,task_init,242759,1020800,5784,578400,serial
20260817T052349Z-1,1,1,whimbrel,release-fast-boot,page_build,257195,2464400,14436,1443600,serial
20260817T052349Z-1,1,1,whimbrel,release-fast-boot,page_verify,281243,4869200,24048,2404800,serial
20260817T052349Z-1,1,1,whimbrel,release-fast-boot,activate,282100,4954900,857,85700,serial
20260817T052349Z-1,1,1,whimbrel,release-fast-boot,virtq_init,290545,5799400,8445,844500,serial
20260817T052349Z-1,1,1,whimbrel,release-fast-boot,DRIVER_OK,295921,6337000,5376,537600,serial
20260817T052349Z-1,1,1,whimbrel,release-fast-boot,first_rx,298932,6638100,3011,301100,serial
20260817T052349Z-1,1,1,whimbrel,release-fast-boot,syn_rx,301702,6915100,2770,277000,serial
20260817T052349Z-1,1,1,whimbrel,release-fast-boot,established,304370,7181900,2668,266800,serial
20260817T052349Z-1,1,1,whimbrel,release-fast-boot,serving_ready,307887,7533600,3517,351700,serial
20260817T052349Z-1,1,1,whimbrel,release-fast-boot,net_init_done,310708,7815700,2821,282100,serial
20260817T052349Z-1,1,1,whimbrel,release-fast-boot,heap_init,310972,7842100,264,26400,serial
20260817T052349Z-1,1,1,whimbrel,release-fast-boot,accounting,311221,7867000,249,24900,serial
20260817T052349Z-1,1,1,whimbrel,release-fast-boot,freeze,311294,7874300,73,7300,serial
20260817T052349Z-1,1,1,whimbrel,release-fast-boot,sret,311481,7893000,187,18700,serial
20260817T052349Z-1,1,1,whimbrel,release-fast-boot,E3g,323735,9118400,12254,1225400,serial
20260817T052349Z-1,1,1,whimbrel,release-fast-boot,E3g_doorbell,324532,9198100,797,79700,serial
20260817T052349Z-1,2,1,whimbrel,release-default,_start,233765,0,0,0,serial
20260817T052349Z-1,2,1,whimbrel,release-default,stamp_a,234217,45200,452,45200,serial
20260817T052349Z-1,2,1,whimbrel,release-default,stamp_b,234270,50500,53,5300,serial
20260817T052349Z-1,2,1,whimbrel,release-default,stvec,244366,1060100,10096,1009600,serial
20260817T052349Z-1,2,1,whimbrel,release-default,frame_init,558808,32504300,314442,31444200,serial
20260817T052349Z-1,2,1,whimbrel,release-default,task_init,591938,35817300,33130,3313000,serial
20260817T052349Z-1,2,1,whimbrel,release-default,page_build,604176,37041100,12238,1223800,serial
20260817T052349Z-1,2,1,whimbrel,release-default,page_verify,734550,50078500,130374,13037400,serial
20260817T052349Z-1,2,1,whimbrel,release-default,activate,737411,50364600,2861,286100,serial
20260817T052349Z-1,2,1,whimbrel,release-default,virtq_init,806244,57247900,68833,6883300,serial
20260817T052349Z-1,2,1,whimbrel,release-default,DRIVER_OK,868740,63497500,62496,6249600,serial
20260817T052349Z-1,2,1,whimbrel,release-default,first_rx,902292,66852700,33552,3355200,serial
20260817T052349Z-1,2,1,whimbrel,release-default,syn_rx,914432,68066700,12140,1214000,serial
20260817T052349Z-1,2,1,whimbrel,release-default,established,922252,68848700,7820,782000,serial
20260817T052349Z-1,2,1,whimbrel,release-default,serving_ready,931160,69739500,8908,890800,serial
20260817T052349Z-1,2,1,whimbrel,release-default,net_init_done,982746,74898100,51586,5158600,serial
20260817T052349Z-1,2,1,whimbrel,release-default,heap_init,982986,74922100,240,24000,serial
20260817T052349Z-1,2,1,whimbrel,release-default,accounting,1003940,77017500,20954,2095400,serial
20260817T052349Z-1,2,1,whimbrel,release-default,freeze,1004937,77117200,997,99700,serial
20260817T052349Z-1,2,1,whimbrel,release-default,sret,1007096,77333100,2159,215900,serial
20260817T052349Z-1,2,1,whimbrel,release-default,E3g,1026280,79251500,19184,1918400,serial
20260817T052349Z-1,2,1,whimbrel,release-default,E3g_doorbell,1030092,79632700,3812,381200,serial
20260817T052349Z-1,2,1,whimbrel,release-fast-boot,_start,232717,0,0,0,serial
20260817T052349Z-1,2,1,whimbrel,release-fast-boot,stamp_a,233160,44300,443,44300,serial
20260817T052349Z-1,2,1,whimbrel,release-fast-boot,stamp_b,233213,49600,53,5300,serial
20260817T052349Z-1,2,1,whimbrel,release-fast-boot,stvec,235707,299000,2494,249400,serial
20260817T052349Z-1,2,1,whimbrel,release-fast-boot,frame_init,237092,437500,1385,138500,serial
20260817T052349Z-1,2,1,whimbrel,release-fast-boot,task_init,242911,1019400,5819,581900,serial
20260817T052349Z-1,2,1,whimbrel,release-fast-boot,page_build,257431,2471400,14520,1452000,serial
20260817T052349Z-1,2,1,whimbrel,release-fast-boot,page_verify,281660,4894300,24229,2422900,serial
20260817T052349Z-1,2,1,whimbrel,release-fast-boot,activate,282520,4980300,860,86000,serial
20260817T052349Z-1,2,1,whimbrel,release-fast-boot,virtq_init,290992,5827500,8472,847200,serial
20260817T052349Z-1,2,1,whimbrel,release-fast-boot,DRIVER_OK,296365,6364800,5373,537300,serial
20260817T052349Z-1,2,1,whimbrel,release-fast-boot,first_rx,299395,6667800,3030,303000,serial
20260817T052349Z-1,2,1,whimbrel,release-fast-boot,syn_rx,302249,6953200,2854,285400,serial
20260817T052349Z-1,2,1,whimbrel,release-fast-boot,established,304926,7220900,2677,267700,serial
20260817T052349Z-1,2,1,whimbrel,release-fast-boot,serving_ready,308398,7568100,3472,347200,serial
20260817T052349Z-1,2,1,whimbrel,release-fast-boot,net_init_done,311226,7850900,2828,282800,serial
20260817T052349Z-1,2,1,whimbrel,release-fast-boot,heap_init,311448,7873100,222,22200,serial
20260817T052349Z-1,2,1,whimbrel,release-fast-boot,accounting,311697,7898000,249,24900,serial
20260817T052349Z-1,2,1,whimbrel,release-fast-boot,freeze,311769,7905200,72,7200,serial
20260817T052349Z-1,2,1,whimbrel,release-fast-boot,sret,311958,7924100,189,18900,serial
20260817T052349Z-1,2,1,whimbrel,release-fast-boot,E3g,324343,9162600,12385,1238500,serial
20260817T052349Z-1,2,1,whimbrel,release-fast-boot,E3g_doorbell,325128,9241100,785,78500,serial
20260817T052349Z-1,3,1,whimbrel,release-default,_start,235050,0,0,0,serial
20260817T052349Z-1,3,1,whimbrel,release-default,stamp_a,235512,46200,462,46200,serial
20260817T052349Z-1,3,1,whimbrel,release-default,stamp_b,235568,51800,56,5600,serial
20260817T052349Z-1,3,1,whimbrel,release-default,stvec,245808,1075800,10240,1024000,serial
20260817T052349Z-1,3,1,whimbrel,release-default,frame_init,549574,31452400,303766,30376600,serial
20260817T052349Z-1,3,1,whimbrel,release-default,task_init,583050,34800000,33476,3347600,serial
20260817T052349Z-1,3,1,whimbrel,release-default,page_build,595276,36022600,12226,1222600,serial
20260817T052349Z-1,3,1,whimbrel,release-default,page_verify,727639,49258900,132363,13236300,serial
20260817T052349Z-1,3,1,whimbrel,release-default,activate,730494,49544400,2855,285500,serial
20260817T052349Z-1,3,1,whimbrel,release-default,virtq_init,800042,56499200,69548,6954800,serial
20260817T052349Z-1,3,1,whimbrel,release-default,DRIVER_OK,862431,62738100,62389,6238900,serial
20260817T052349Z-1,3,1,whimbrel,release-default,first_rx,895849,66079900,33418,3341800,serial
20260817T052349Z-1,3,1,whimbrel,release-default,syn_rx,907962,67291200,12113,1211300,serial
20260817T052349Z-1,3,1,whimbrel,release-default,established,915641,68059100,7679,767900,serial
20260817T052349Z-1,3,1,whimbrel,release-default,serving_ready,924586,68953600,8945,894500,serial
20260817T052349Z-1,3,1,whimbrel,release-default,net_init_done,975844,74079400,51258,5125800,serial
20260817T052349Z-1,3,1,whimbrel,release-default,heap_init,976081,74103100,237,23700,serial
20260817T052349Z-1,3,1,whimbrel,release-default,accounting,997167,76211700,21086,2108600,serial
20260817T052349Z-1,3,1,whimbrel,release-default,freeze,998171,76312100,1004,100400,serial
20260817T052349Z-1,3,1,whimbrel,release-default,sret,1000344,76529400,2173,217300,serial
20260817T052349Z-1,3,1,whimbrel,release-default,E3g,1019449,78439900,19105,1910500,serial
20260817T052349Z-1,3,1,whimbrel,release-default,E3g_doorbell,1022569,78751900,3120,312000,serial
20260817T052349Z-1,3,1,whimbrel,release-fast-boot,_start,234488,0,0,0,serial
20260817T052349Z-1,3,1,whimbrel,release-fast-boot,stamp_a,234934,44600,446,44600,serial
20260817T052349Z-1,3,1,whimbrel,release-fast-boot,stamp_b,234990,50200,56,5600,serial
20260817T052349Z-1,3,1,whimbrel,release-fast-boot,stvec,237551,306300,2561,256100,serial
20260817T052349Z-1,3,1,whimbrel,release-fast-boot,frame_init,238986,449800,1435,143500,serial
20260817T052349Z-1,3,1,whimbrel,release-fast-boot,task_init,244813,1032500,5827,582700,serial
20260817T052349Z-1,3,1,whimbrel,release-fast-boot,page_build,259301,2481300,14488,1448800,serial
20260817T052349Z-1,3,1,whimbrel,release-fast-boot,page_verify,283447,4895900,24146,2414600,serial
20260817T052349Z-1,3,1,whimbrel,release-fast-boot,activate,284316,4982800,869,86900,serial
20260817T052349Z-1,3,1,whimbrel,release-fast-boot,virtq_init,292947,5845900,8631,863100,serial
20260817T052349Z-1,3,1,whimbrel,release-fast-boot,DRIVER_OK,298455,6396700,5508,550800,serial
20260817T052349Z-1,3,1,whimbrel,release-fast-boot,first_rx,301586,6709800,3131,313100,serial
20260817T052349Z-1,3,1,whimbrel,release-fast-boot,syn_rx,304445,6995700,2859,285900,serial
20260817T052349Z-1,3,1,whimbrel,release-fast-boot,established,307266,7277800,2821,282100,serial
20260817T052349Z-1,3,1,whimbrel,release-fast-boot,serving_ready,310857,7636900,3591,359100,serial
20260817T052349Z-1,3,1,whimbrel,release-fast-boot,net_init_done,313744,7925600,2887,288700,serial
20260817T052349Z-1,3,1,whimbrel,release-fast-boot,heap_init,313967,7947900,223,22300,serial
20260817T052349Z-1,3,1,whimbrel,release-fast-boot,accounting,314221,7973300,254,25400,serial
20260817T052349Z-1,3,1,whimbrel,release-fast-boot,freeze,314294,7980600,73,7300,serial
20260817T052349Z-1,3,1,whimbrel,release-fast-boot,sret,314487,7999900,193,19300,serial
20260817T052349Z-1,3,1,whimbrel,release-fast-boot,E3g,327058,9257000,12571,1257100,serial
20260817T052349Z-1,3,1,whimbrel,release-fast-boot,E3g_doorbell,327915,9342700,857,85700,serial
20260817T052349Z-1,32,0,whimbrel,release-fast-boot,_start,233140,0,0,0,serial
20260817T052349Z-1,32,0,whimbrel,release-fast-boot,stamp_a,233583,44300,443,44300,serial
20260817T052349Z-1,32,0,whimbrel,release-fast-boot,stamp_b,233637,49700,54,5400,serial
20260817T052349Z-1,32,0,whimbrel,release-fast-boot,stvec,236164,302400,2527,252700,serial
20260817T052349Z-1,32,0,whimbrel,release-fast-boot,frame_init,237582,444200,1418,141800,serial
20260817T052349Z-1,32,0,whimbrel,release-fast-boot,task_init,243424,1028400,5842,584200,serial
20260817T052349Z-1,32,0,whimbrel,release-fast-boot,page_build,257917,2477700,14493,1449300,serial
20260817T052349Z-1,32,0,whimbrel,release-fast-boot,page_verify,281800,4866000,23883,2388300,serial
20260817T052349Z-1,32,0,whimbrel,release-fast-boot,activate,282698,4955800,898,89800,serial
20260817T052349Z-1,32,0,whimbrel,release-fast-boot,virtq_init,291180,5804000,8482,848200,serial
20260817T052349Z-1,32,0,whimbrel,release-fast-boot,DRIVER_OK,296694,6355400,5514,551400,serial
20260817T052349Z-1,32,0,whimbrel,release-fast-boot,first_rx,299783,6664300,3089,308900,serial
20260817T052349Z-1,32,0,whimbrel,release-fast-boot,syn_rx,302637,6949700,2854,285400,serial
20260817T052349Z-1,32,0,whimbrel,release-fast-boot,established,305357,7221700,2720,272000,serial
20260817T052349Z-1,32,0,whimbrel,release-fast-boot,serving_ready,308889,7574900,3532,353200,serial
20260817T052349Z-1,32,0,whimbrel,release-fast-boot,net_init_done,311706,7856600,2817,281700,serial
20260817T052349Z-1,32,0,whimbrel,release-fast-boot,heap_init,311925,7878500,219,21900,serial
20260817T052349Z-1,32,0,whimbrel,release-fast-boot,accounting,312173,7903300,248,24800,serial
20260817T052349Z-1,32,0,whimbrel,release-fast-boot,freeze,312247,7910700,74,7400,serial
20260817T052349Z-1,32,0,whimbrel,release-fast-boot,sret,312434,7929400,187,18700,serial
20260817T052349Z-1,32,0,whimbrel,release-fast-boot,E3g,324941,9180100,12507,1250700,serial
20260817T052349Z-1,32,0,whimbrel,release-fast-boot,E3g_doorbell,325745,9260500,804,80400,serial
20260817T052349Z-1,12,0,whimbrel,release-default,_start,235600,0,0,0,serial
20260817T052349Z-1,12,0,whimbrel,release-default,stamp_a,236055,45500,455,45500,serial
20260817T052349Z-1,12,0,whimbrel,release-default,stamp_b,236109,50900,54,5400,serial
20260817T052349Z-1,12,0,whimbrel,release-default,stvec,246357,1075700,10248,1024800,serial
20260817T052349Z-1,12,0,whimbrel,release-default,frame_init,550048,31444800,303691,30369100,serial
20260817T052349Z-1,12,0,whimbrel,release-default,task_init,583236,34763600,33188,3318800,serial
20260817T052349Z-1,12,0,whimbrel,release-default,page_build,595409,35980900,12173,1217300,serial
20260817T052349Z-1,12,0,whimbrel,release-default,page_verify,727160,49156000,131751,13175100,serial
20260817T052349Z-1,12,0,whimbrel,release-default,activate,729981,49438100,2821,282100,serial
20260817T052349Z-1,12,0,whimbrel,release-default,virtq_init,800182,56458200,70201,7020100,serial
20260817T052349Z-1,12,0,whimbrel,release-default,DRIVER_OK,863234,62763400,63052,6305200,serial
20260817T052349Z-1,12,0,whimbrel,release-default,first_rx,896640,66104000,33406,3340600,serial
20260817T052349Z-1,12,0,whimbrel,release-default,syn_rx,908877,67327700,12237,1223700,serial
20260817T052349Z-1,12,0,whimbrel,release-default,established,916643,68104300,7766,776600,serial
20260817T052349Z-1,12,0,whimbrel,release-default,serving_ready,925616,69001600,8973,897300,serial
20260817T052349Z-1,12,0,whimbrel,release-default,net_init_done,977333,74173300,51717,5171700,serial
20260817T052349Z-1,12,0,whimbrel,release-default,heap_init,977568,74196800,235,23500,serial
20260817T052349Z-1,12,0,whimbrel,release-default,accounting,998708,76310800,21140,2114000,serial
20260817T052349Z-1,12,0,whimbrel,release-default,freeze,999710,76411000,1002,100200,serial
20260817T052349Z-1,12,0,whimbrel,release-default,sret,1001889,76628900,2179,217900,serial
20260817T052349Z-1,12,0,whimbrel,release-default,E3g,1020975,78537500,19086,1908600,serial
20260817T052349Z-1,12,0,whimbrel,release-default,E3g_doorbell,1024697,78909700,3722,372200,serial
20260817T052349Z-1,10,0,whimbrel,release-default,_start,233224,0,0,0,serial
20260817T052349Z-1,10,0,whimbrel,release-default,stamp_a,233675,45100,451,45100,serial
20260817T052349Z-1,10,0,whimbrel,release-default,stamp_b,233729,50500,54,5400,serial
20260817T052349Z-1,10,0,whimbrel,release-default,stvec,243912,1068800,10183,1018300,serial
20260817T052349Z-1,10,0,whimbrel,release-default,frame_init,548665,31544100,304753,30475300,serial
20260817T052349Z-1,10,0,whimbrel,release-default,task_init,580708,34748400,32043,3204300,serial
20260817T052349Z-1,10,0,whimbrel,release-default,page_build,592898,35967400,12190,1219000,serial
20260817T052349Z-1,10,0,whimbrel,release-default,page_verify,723594,49037000,130696,13069600,serial
20260817T052349Z-1,10,0,whimbrel,release-default,activate,726464,49324000,2870,287000,serial
20260817T052349Z-1,10,0,whimbrel,release-default,virtq_init,796276,56305200,69812,6981200,serial
20260817T052349Z-1,10,0,whimbrel,release-default,DRIVER_OK,859061,62583700,62785,6278500,serial
20260817T052349Z-1,10,0,whimbrel,release-default,first_rx,892395,65917100,33334,3333400,serial
20260817T052349Z-1,10,0,whimbrel,release-default,syn_rx,904551,67132700,12156,1215600,serial
20260817T052349Z-1,10,0,whimbrel,release-default,established,920751,68752700,16200,1620000,serial
20260817T052349Z-1,10,0,whimbrel,release-default,serving_ready,929679,69645500,8928,892800,serial
20260817T052349Z-1,10,0,whimbrel,release-default,net_init_done,981315,74809100,51636,5163600,serial
20260817T052349Z-1,10,0,whimbrel,release-default,heap_init,981547,74832300,232,23200,serial
20260817T052349Z-1,10,0,whimbrel,release-default,accounting,1002604,76938000,21057,2105700,serial
20260817T052349Z-1,10,0,whimbrel,release-default,freeze,1003605,77038100,1001,100100,serial
20260817T052349Z-1,10,0,whimbrel,release-default,sret,1005781,77255700,2176,217600,serial
20260817T052349Z-1,10,0,whimbrel,release-default,E3g,1024902,79167800,19121,1912100,serial
20260817T052349Z-1,10,0,whimbrel,release-default,E3g_doorbell,1028744,79552000,3842,384200,serial
20260817T052349Z-1,25,0,whimbrel,release-default,_start,234232,0,0,0,serial
20260817T052349Z-1,25,0,whimbrel,release-default,stamp_a,234685,45300,453,45300,serial
20260817T052349Z-1,25,0,whimbrel,release-default,stamp_b,234741,50900,56,5600,serial
20260817T052349Z-1,25,0,whimbrel,release-default,stvec,244882,1065000,10141,1014100,serial
20260817T052349Z-1,25,0,whimbrel,release-default,frame_init,548627,31439500,303745,30374500,serial
20260817T052349Z-1,25,0,whimbrel,release-default,task_init,582137,34790500,33510,3351000,serial
20260817T052349Z-1,25,0,whimbrel,release-default,page_build,594458,36022600,12321,1232100,serial
20260817T052349Z-1,25,0,whimbrel,release-default,page_verify,725339,49110700,130881,13088100,serial
20260817T052349Z-1,25,0,whimbrel,release-default,activate,728127,49389500,2788,278800,serial
20260817T052349Z-1,25,0,whimbrel,release-default,virtq_init,797246,56301400,69119,6911900,serial
20260817T052349Z-1,25,0,whimbrel,release-default,DRIVER_OK,859154,62492200,61908,6190800,serial
20260817T052349Z-1,25,0,whimbrel,release-default,first_rx,892154,65792200,33000,3300000,serial
20260817T052349Z-1,25,0,whimbrel,release-default,syn_rx,904243,67001100,12089,1208900,serial
20260817T052349Z-1,25,0,whimbrel,release-default,established,911863,67763100,7620,762000,serial
20260817T052349Z-1,25,0,whimbrel,release-default,serving_ready,920743,68651100,8880,888000,serial
20260817T052349Z-1,25,0,whimbrel,release-default,net_init_done,971568,73733600,50825,5082500,serial
20260817T052349Z-1,25,0,whimbrel,release-default,heap_init,971800,73756800,232,23200,serial
20260817T052349Z-1,25,0,whimbrel,release-default,accounting,992663,75843100,20863,2086300,serial
20260817T052349Z-1,25,0,whimbrel,release-default,freeze,993660,75942800,997,99700,serial
20260817T052349Z-1,25,0,whimbrel,release-default,sret,995825,76159300,2165,216500,serial
20260817T052349Z-1,25,0,whimbrel,release-default,E3g,1014800,78056800,18975,1897500,serial
20260817T052349Z-1,25,0,whimbrel,release-default,E3g_doorbell,1018466,78423400,3666,366600,serial
20260817T052349Z-1,16,0,whimbrel,release-fast-boot,_start,234587,0,0,0,serial
20260817T052349Z-1,16,0,whimbrel,release-fast-boot,stamp_a,235024,43700,437,43700,serial
20260817T052349Z-1,16,0,whimbrel,release-fast-boot,stamp_b,235078,49100,54,5400,serial
20260817T052349Z-1,16,0,whimbrel,release-fast-boot,stvec,237594,300700,2516,251600,serial
20260817T052349Z-1,16,0,whimbrel,release-fast-boot,frame_init,238999,441200,1405,140500,serial
20260817T052349Z-1,16,0,whimbrel,release-fast-boot,task_init,244776,1018900,5777,577700,serial
20260817T052349Z-1,16,0,whimbrel,release-fast-boot,page_build,259525,2493800,14749,1474900,serial
20260817T052349Z-1,16,0,whimbrel,release-fast-boot,page_verify,283959,4937200,24434,2443400,serial
20260817T052349Z-1,16,0,whimbrel,release-fast-boot,activate,284810,5022300,851,85100,serial
20260817T052349Z-1,16,0,whimbrel,release-fast-boot,virtq_init,293169,5858200,8359,835900,serial
20260817T052349Z-1,16,0,whimbrel,release-fast-boot,DRIVER_OK,298561,6397400,5392,539200,serial
20260817T052349Z-1,16,0,whimbrel,release-fast-boot,first_rx,301712,6712500,3151,315100,serial
20260817T052349Z-1,16,0,whimbrel,release-fast-boot,syn_rx,304507,6992000,2795,279500,serial
20260817T052349Z-1,16,0,whimbrel,release-fast-boot,established,307191,7260400,2684,268400,serial
20260817T052349Z-1,16,0,whimbrel,release-fast-boot,serving_ready,310663,7607600,3472,347200,serial
20260817T052349Z-1,16,0,whimbrel,release-fast-boot,net_init_done,313502,7891500,2839,283900,serial
20260817T052349Z-1,16,0,whimbrel,release-fast-boot,heap_init,313724,7913700,222,22200,serial
20260817T052349Z-1,16,0,whimbrel,release-fast-boot,accounting,313972,7938500,248,24800,serial
20260817T052349Z-1,16,0,whimbrel,release-fast-boot,freeze,314044,7945700,72,7200,serial
20260817T052349Z-1,16,0,whimbrel,release-fast-boot,sret,314230,7964300,186,18600,serial
20260817T052349Z-1,16,0,whimbrel,release-fast-boot,E3g,326554,9196700,12324,1232400,serial
20260817T052349Z-1,16,0,whimbrel,release-fast-boot,E3g_doorbell,327339,9275200,785,78500,serial
20260817T052349Z-1,29,0,whimbrel,release-default,_start,235187,0,0,0,serial
20260817T052349Z-1,29,0,whimbrel,release-default,stamp_a,235640,45300,453,45300,serial
20260817T052349Z-1,29,0,whimbrel,release-default,stamp_b,235696,50900,56,5600,serial
20260817T052349Z-1,29,0,whimbrel,release-default,stvec,245947,1076000,10251,1025100,serial
20260817T052349Z-1,29,0,whimbrel,release-default,frame_init,549744,31455700,303797,30379700,serial
20260817T052349Z-1,29,0,whimbrel,release-default,task_init,581791,34660400,32047,3204700,serial
20260817T052349Z-1,29,0,whimbrel,release-default,page_build,593760,35857300,11969,1196900,serial
20260817T052349Z-1,29,0,whimbrel,release-default,page_verify,726191,49100400,132431,13243100,serial
20260817T052349Z-1,29,0,whimbrel,release-default,activate,729023,49383600,2832,283200,serial
20260817T052349Z-1,29,0,whimbrel,release-default,virtq_init,800137,56495000,71114,7111400,serial
20260817T052349Z-1,29,0,whimbrel,release-default,DRIVER_OK,863541,62835400,63404,6340400,serial
20260817T052349Z-1,29,0,whimbrel,release-default,first_rx,897223,66203600,33682,3368200,serial
20260817T052349Z-1,29,0,whimbrel,release-default,syn_rx,909628,67444100,12405,1240500,serial
20260817T052349Z-1,29,0,whimbrel,release-default,established,917512,68232500,7884,788400,serial
20260817T052349Z-1,29,0,whimbrel,release-default,serving_ready,926521,69133400,9009,900900,serial
20260817T052349Z-1,29,0,whimbrel,release-default,net_init_done,978809,74362200,52288,5228800,serial
20260817T052349Z-1,29,0,whimbrel,release-default,heap_init,979048,74386100,239,23900,serial
20260817T052349Z-1,29,0,whimbrel,release-default,accounting,1000292,76510500,21244,2124400,serial
20260817T052349Z-1,29,0,whimbrel,release-default,freeze,1001346,76615900,1054,105400,serial
20260817T052349Z-1,29,0,whimbrel,release-default,sret,1003541,76835400,2195,219500,serial
20260817T052349Z-1,29,0,whimbrel,release-default,E3g,1022701,78751400,19160,1916000,serial
20260817T052349Z-1,29,0,whimbrel,release-default,E3g_doorbell,1026367,79118000,3666,366600,serial
20260817T052349Z-1,7,0,whimbrel,release-default,_start,232728,0,0,0,serial
20260817T052349Z-1,7,0,whimbrel,release-default,stamp_a,233182,45400,454,45400,serial
20260817T052349Z-1,7,0,whimbrel,release-default,stamp_b,233236,50800,54,5400,serial
20260817T052349Z-1,7,0,whimbrel,release-default,stvec,243375,1064700,10139,1013900,serial
20260817T052349Z-1,7,0,whimbrel,release-default,frame_init,547167,31443900,303792,30379200,serial
20260817T052349Z-1,7,0,whimbrel,release-default,task_init,579918,34719000,32751,3275100,serial
20260817T052349Z-1,7,0,whimbrel,release-default,page_build,592049,35932100,12131,1213100,serial
20260817T052349Z-1,7,0,whimbrel,release-default,page_verify,721157,48842900,129108,12910800,serial
20260817T052349Z-1,7,0,whimbrel,release-default,activate,723916,49118800,2759,275900,serial
20260817T052349Z-1,7,0,whimbrel,release-default,virtq_init,792033,55930500,68117,6811700,serial
20260817T052349Z-1,7,0,whimbrel,release-default,DRIVER_OK,853410,62068200,61377,6137700,serial
20260817T052349Z-1,7,0,whimbrel,release-default,first_rx,886379,65365100,32969,3296900,serial
20260817T052349Z-1,7,0,whimbrel,release-default,syn_rx,898446,66571800,12067,1206700,serial
20260817T052349Z-1,7,0,whimbrel,release-default,established,906157,67342900,7711,771100,serial
20260817T052349Z-1,7,0,whimbrel,release-default,serving_ready,915006,68227800,8849,884900,serial
20260817T052349Z-1,7,0,whimbrel,release-default,net_init_done,965778,73305000,50772,5077200,serial
20260817T052349Z-1,7,0,whimbrel,release-default,heap_init,966017,73328900,239,23900,serial
20260817T052349Z-1,7,0,whimbrel,release-default,accounting,987015,75428700,20998,2099800,serial
20260817T052349Z-1,7,0,whimbrel,release-default,freeze,987997,75526900,982,98200,serial
20260817T052349Z-1,7,0,whimbrel,release-default,sret,990120,75739200,2123,212300,serial
20260817T052349Z-1,7,0,whimbrel,release-default,E3g,1008977,77624900,18857,1885700,serial
20260817T052349Z-1,7,0,whimbrel,release-default,E3g_doorbell,1012577,77984900,3600,360000,serial
20260817T052349Z-1,32,0,whimbrel,release-default,_start,233432,0,0,0,serial
20260817T052349Z-1,32,0,whimbrel,release-default,stamp_a,233890,45800,458,45800,serial
20260817T052349Z-1,32,0,whimbrel,release-default,stamp_b,233946,51400,56,5600,serial
20260817T052349Z-1,32,0,whimbrel,release-default,stvec,244276,1084400,10330,1033000,serial
20260817T052349Z-1,32,0,whimbrel,release-default,frame_init,547979,31454700,303703,30370300,serial
20260817T052349Z-1,32,0,whimbrel,release-default,task_init,581000,34756800,33021,3302100,serial
20260817T052349Z-1,32,0,whimbrel,release-default,page_build,593182,35975000,12182,1218200,serial
20260817T052349Z-1,32,0,whimbrel,release-default,page_verify,724063,49063100,130881,13088100,serial
20260817T052349Z-1,32,0,whimbrel,release-default,activate,726925,49349300,2862,286200,serial
20260817T052349Z-1,32,0,whimbrel,release-default,virtq_init,796559,56312700,69634,6963400,serial
20260817T052349Z-1,32,0,whimbrel,release-default,DRIVER_OK,858866,62543400,62307,6230700,serial
20260817T052349Z-1,32,0,whimbrel,release-default,first_rx,892174,65874200,33308,3330800,serial
20260817T052349Z-1,32,0,whimbrel,release-default,syn_rx,904380,67094800,12206,1220600,serial
20260817T052349Z-1,32,0,whimbrel,release-default,established,912037,67860500,7657,765700,serial
20260817T052349Z-1,32,0,whimbrel,release-default,serving_ready,920822,68739000,8785,878500,serial
20260817T052349Z-1,32,0,whimbrel,release-default,net_init_done,971959,73852700,51137,5113700,serial
20260817T052349Z-1,32,0,whimbrel,release-default,heap_init,972194,73876200,235,23500,serial
20260817T052349Z-1,32,0,whimbrel,release-default,accounting,993351,75991900,21157,2115700,serial
20260817T052349Z-1,32,0,whimbrel,release-default,freeze,994351,76091900,1000,100000,serial
20260817T052349Z-1,32,0,whimbrel,release-default,sret,996531,76309900,2180,218000,serial
20260817T052349Z-1,32,0,whimbrel,release-default,E3g,1015360,78192800,18829,1882900,serial
20260817T052349Z-1,32,0,whimbrel,release-default,E3g_doorbell,1018960,78552800,3600,360000,serial
20260817T052349Z-1,31,0,whimbrel,release-fast-boot,_start,234716,0,0,0,serial
20260817T052349Z-1,31,0,whimbrel,release-fast-boot,stamp_a,235161,44500,445,44500,serial
20260817T052349Z-1,31,0,whimbrel,release-fast-boot,stamp_b,235215,49900,54,5400,serial
20260817T052349Z-1,31,0,whimbrel,release-fast-boot,stvec,237742,302600,2527,252700,serial
20260817T052349Z-1,31,0,whimbrel,release-fast-boot,frame_init,239205,448900,1463,146300,serial
20260817T052349Z-1,31,0,whimbrel,release-fast-boot,task_init,245053,1033700,5848,584800,serial
20260817T052349Z-1,31,0,whimbrel,release-fast-boot,page_build,259838,2512200,14785,1478500,serial
20260817T052349Z-1,31,0,whimbrel,release-fast-boot,page_verify,284102,4938600,24264,2426400,serial
20260817T052349Z-1,31,0,whimbrel,release-fast-boot,activate,284954,5023800,852,85200,serial
20260817T052349Z-1,31,0,whimbrel,release-fast-boot,virtq_init,293342,5862600,8388,838800,serial
20260817T052349Z-1,31,0,whimbrel,release-fast-boot,DRIVER_OK,298665,6394900,5323,532300,serial
20260817T052349Z-1,31,0,whimbrel,release-fast-boot,first_rx,301805,6708900,3140,314000,serial
20260817T052349Z-1,31,0,whimbrel,release-fast-boot,syn_rx,304561,6984500,2756,275600,serial
20260817T052349Z-1,31,0,whimbrel,release-fast-boot,established,307198,7248200,2637,263700,serial
20260817T052349Z-1,31,0,whimbrel,release-fast-boot,serving_ready,310760,7604400,3562,356200,serial
20260817T052349Z-1,31,0,whimbrel,release-fast-boot,net_init_done,313563,7884700,2803,280300,serial
20260817T052349Z-1,31,0,whimbrel,release-fast-boot,heap_init,313780,7906400,217,21700,serial
20260817T052349Z-1,31,0,whimbrel,release-fast-boot,accounting,314027,7931100,247,24700,serial
20260817T052349Z-1,31,0,whimbrel,release-fast-boot,freeze,314098,7938200,71,7100,serial
20260817T052349Z-1,31,0,whimbrel,release-fast-boot,sret,314282,7956600,184,18400,serial
20260817T052349Z-1,31,0,whimbrel,release-fast-boot,E3g,326512,9179600,12230,1223000,serial
20260817T052349Z-1,31,0,whimbrel,release-fast-boot,E3g_doorbell,327296,9258000,784,78400,serial
20260817T052349Z-1,10,0,whimbrel,release-fast-boot,_start,234269,0,0,0,serial
20260817T052349Z-1,10,0,whimbrel,release-fast-boot,stamp_a,234717,44800,448,44800,serial
20260817T052349Z-1,10,0,whimbrel,release-fast-boot,stamp_b,234771,50200,54,5400,serial
20260817T052349Z-1,10,0,whimbrel,release-fast-boot,stvec,237299,303000,2528,252800,serial
20260817T052349Z-1,10,0,whimbrel,release-fast-boot,frame_init,238722,445300,1423,142300,serial
20260817T052349Z-1,10,0,whimbrel,release-fast-boot,task_init,244572,1030300,5850,585000,serial
20260817T052349Z-1,10,0,whimbrel,release-fast-boot,page_build,259160,2489100,14588,1458800,serial
20260817T052349Z-1,10,0,whimbrel,release-fast-boot,page_verify,282909,4864000,23749,2374900,serial
20260817T052349Z-1,10,0,whimbrel,release-fast-boot,activate,283840,4957100,931,93100,serial
20260817T052349Z-1,10,0,whimbrel,release-fast-boot,virtq_init,292250,5798100,8410,841000,serial
20260817T052349Z-1,10,0,whimbrel,release-fast-boot,DRIVER_OK,297743,6347400,5493,549300,serial
20260817T052349Z-1,10,0,whimbrel,release-fast-boot,first_rx,300880,6661100,3137,313700,serial
20260817T052349Z-1,10,0,whimbrel,release-fast-boot,syn_rx,303676,6940700,2796,279600,serial
20260817T052349Z-1,10,0,whimbrel,release-fast-boot,established,306380,7211100,2704,270400,serial
20260817T052349Z-1,10,0,whimbrel,release-fast-boot,serving_ready,319903,8563400,13523,1352300,serial
20260817T052349Z-1,10,0,whimbrel,release-fast-boot,net_init_done,322697,8842800,2794,279400,serial
20260817T052349Z-1,10,0,whimbrel,release-fast-boot,heap_init,322923,8865400,226,22600,serial
20260817T052349Z-1,10,0,whimbrel,release-fast-boot,accounting,323174,8890500,251,25100,serial
20260817T052349Z-1,10,0,whimbrel,release-fast-boot,freeze,323247,8897800,73,7300,serial
20260817T052349Z-1,10,0,whimbrel,release-fast-boot,sret,323438,8916900,191,19100,serial
20260817T052349Z-1,10,0,whimbrel,release-fast-boot,E3g,336090,10182100,12652,1265200,serial
20260817T052349Z-1,10,0,whimbrel,release-fast-boot,E3g_doorbell,336893,10262400,803,80300,serial
20260817T052349Z-1,13,0,whimbrel,release-fast-boot,_start,232820,0,0,0,serial
20260817T052349Z-1,13,0,whimbrel,release-fast-boot,stamp_a,233259,43900,439,43900,serial
20260817T052349Z-1,13,0,whimbrel,release-fast-boot,stamp_b,233314,49400,55,5500,serial
20260817T052349Z-1,13,0,whimbrel,release-fast-boot,stvec,235876,305600,2562,256200,serial
20260817T052349Z-1,13,0,whimbrel,release-fast-boot,frame_init,237269,444900,1393,139300,serial
20260817T052349Z-1,13,0,whimbrel,release-fast-boot,task_init,242979,1015900,5710,571000,serial
20260817T052349Z-1,13,0,whimbrel,release-fast-boot,page_build,257495,2467500,14516,1451600,serial
20260817T052349Z-1,13,0,whimbrel,release-fast-boot,page_verify,281394,4857400,23899,2389900,serial
20260817T052349Z-1,13,0,whimbrel,release-fast-boot,activate,282255,4943500,861,86100,serial
20260817T052349Z-1,13,0,whimbrel,release-fast-boot,virtq_init,290730,5791000,8475,847500,serial
20260817T052349Z-1,13,0,whimbrel,release-fast-boot,DRIVER_OK,296219,6339900,5489,548900,serial
20260817T052349Z-1,13,0,whimbrel,release-fast-boot,first_rx,299263,6644300,3044,304400,serial
20260817T052349Z-1,13,0,whimbrel,release-fast-boot,syn_rx,302067,6924700,2804,280400,serial
20260817T052349Z-1,13,0,whimbrel,release-fast-boot,established,304874,7205400,2807,280700,serial
20260817T052349Z-1,13,0,whimbrel,release-fast-boot,serving_ready,308406,7558600,3532,353200,serial
20260817T052349Z-1,13,0,whimbrel,release-fast-boot,net_init_done,311210,7839000,2804,280400,serial
20260817T052349Z-1,13,0,whimbrel,release-fast-boot,heap_init,311430,7861000,220,22000,serial
20260817T052349Z-1,13,0,whimbrel,release-fast-boot,accounting,311681,7886100,251,25100,serial
20260817T052349Z-1,13,0,whimbrel,release-fast-boot,freeze,311753,7893300,72,7200,serial
20260817T052349Z-1,13,0,whimbrel,release-fast-boot,sret,311943,7912300,190,19000,serial
20260817T052349Z-1,13,0,whimbrel,release-fast-boot,E3g,324403,9158300,12460,1246000,serial
20260817T052349Z-1,13,0,whimbrel,release-fast-boot,E3g_doorbell,325195,9237500,792,79200,serial
20260817T052349Z-1,33,0,whimbrel,release-default,_start,236134,0,0,0,serial
20260817T052349Z-1,33,0,whimbrel,release-default,stamp_a,236633,49900,499,49900,serial
20260817T052349Z-1,33,0,whimbrel,release-default,stamp_b,236689,55500,56,5600,serial
20260817T052349Z-1,33,0,whimbrel,release-default,stvec,246990,1085600,10301,1030100,serial
20260817T052349Z-1,33,0,whimbrel,release-default,frame_init,550679,31454500,303689,30368900,serial
20260817T052349Z-1,33,0,whimbrel,release-default,task_init,582764,34663000,32085,3208500,serial
20260817T052349Z-1,33,0,whimbrel,release-default,page_build,594946,35881200,12182,1218200,serial
20260817T052349Z-1,33,0,whimbrel,release-default,page_verify,726832,49069800,131886,13188600,serial
20260817T052349Z-1,33,0,whimbrel,release-default,activate,729584,49345000,2752,275200,serial
20260817T052349Z-1,33,0,whimbrel,release-default,virtq_init,799202,56306800,69618,6961800,serial
20260817T052349Z-1,33,0,whimbrel,release-default,DRIVER_OK,861589,62545500,62387,6238700,serial
20260817T052349Z-1,33,0,whimbrel,release-default,first_rx,894914,65878000,33325,3332500,serial
20260817T052349Z-1,33,0,whimbrel,release-default,syn_rx,907083,67094900,12169,1216900,serial
20260817T052349Z-1,33,0,whimbrel,release-default,established,914738,67860400,7655,765500,serial
20260817T052349Z-1,33,0,whimbrel,release-default,serving_ready,923673,68753900,8935,893500,serial
20260817T052349Z-1,33,0,whimbrel,release-default,net_init_done,976344,74021000,52671,5267100,serial
20260817T052349Z-1,33,0,whimbrel,release-default,heap_init,976580,74044600,236,23600,serial
20260817T052349Z-1,33,0,whimbrel,release-default,accounting,998017,76188300,21437,2143700,serial
20260817T052349Z-1,33,0,whimbrel,release-default,freeze,999040,76290600,1023,102300,serial
20260817T052349Z-1,33,0,whimbrel,release-default,sret,1001259,76512500,2219,221900,serial
20260817T052349Z-1,33,0,whimbrel,release-default,E3g,1020646,78451200,19387,1938700,serial
20260817T052349Z-1,33,0,whimbrel,release-default,E3g_doorbell,1024334,78820000,3688,368800,serial
20260817T052349Z-1,9,0,whimbrel,release-fast-boot,_start,233629,0,0,0,serial
20260817T052349Z-1,9,0,whimbrel,release-fast-boot,stamp_a,234068,43900,439,43900,serial
20260817T052349Z-1,9,0,whimbrel,release-fast-boot,stamp_b,234122,49300,54,5400,serial
20260817T052349Z-1,9,0,whimbrel,release-fast-boot,stvec,236643,301400,2521,252100,serial
20260817T052349Z-1,9,0,whimbrel,release-fast-boot,frame_init,238057,442800,1414,141400,serial
20260817T052349Z-1,9,0,whimbrel,release-fast-boot,task_init,243955,1032600,5898,589800,serial
20260817T052349Z-1,9,0,whimbrel,release-fast-boot,page_build,258416,2478700,14461,1446100,serial
20260817T052349Z-1,9,0,whimbrel,release-fast-boot,page_verify,285823,5219400,27407,2740700,serial
20260817T052349Z-1,9,0,whimbrel,release-fast-boot,activate,286678,5304900,855,85500,serial
20260817T052349Z-1,9,0,whimbrel,release-fast-boot,virtq_init,295062,6143300,8384,838400,serial
20260817T052349Z-1,9,0,whimbrel,release-fast-boot,DRIVER_OK,300344,6671500,5282,528200,serial
20260817T052349Z-1,9,0,whimbrel,release-fast-boot,first_rx,303456,6982700,3112,311200,serial
20260817T052349Z-1,9,0,whimbrel,release-fast-boot,syn_rx,306168,7253900,2712,271200,serial
20260817T052349Z-1,9,0,whimbrel,release-fast-boot,established,308735,7510600,2567,256700,serial
20260817T052349Z-1,9,0,whimbrel,release-fast-boot,serving_ready,312247,7861800,3512,351200,serial
20260817T052349Z-1,9,0,whimbrel,release-fast-boot,net_init_done,315054,8142500,2807,280700,serial
20260817T052349Z-1,9,0,whimbrel,release-fast-boot,heap_init,315270,8164100,216,21600,serial
20260817T052349Z-1,9,0,whimbrel,release-fast-boot,accounting,315516,8188700,246,24600,serial
20260817T052349Z-1,9,0,whimbrel,release-fast-boot,freeze,315588,8195900,72,7200,serial
20260817T052349Z-1,9,0,whimbrel,release-fast-boot,sret,315773,8214400,185,18500,serial
20260817T052349Z-1,9,0,whimbrel,release-fast-boot,E3g,327880,9425100,12107,1210700,serial
20260817T052349Z-1,9,0,whimbrel,release-fast-boot,E3g_doorbell,328659,9503000,779,77900,serial
20260817T052349Z-1,15,0,whimbrel,release-fast-boot,_start,233477,0,0,0,serial
20260817T052349Z-1,15,0,whimbrel,release-fast-boot,stamp_a,233921,44400,444,44400,serial
20260817T052349Z-1,15,0,whimbrel,release-fast-boot,stamp_b,233976,49900,55,5500,serial
20260817T052349Z-1,15,0,whimbrel,release-fast-boot,stvec,236515,303800,2539,253900,serial
20260817T052349Z-1,15,0,whimbrel,release-fast-boot,frame_init,237926,444900,1411,141100,serial
20260817T052349Z-1,15,0,whimbrel,release-fast-boot,task_init,243842,1036500,5916,591600,serial
20260817T052349Z-1,15,0,whimbrel,release-fast-boot,page_build,258321,2484400,14479,1447900,serial
20260817T052349Z-1,15,0,whimbrel,release-fast-boot,page_verify,282184,4870700,23863,2386300,serial
20260817T052349Z-1,15,0,whimbrel,release-fast-boot,activate,283036,4955900,852,85200,serial
20260817T052349Z-1,15,0,whimbrel,release-fast-boot,virtq_init,291392,5791500,8356,835600,serial
20260817T052349Z-1,15,0,whimbrel,release-fast-boot,DRIVER_OK,296824,6334700,5432,543200,serial
20260817T052349Z-1,15,0,whimbrel,release-fast-boot,first_rx,299889,6641200,3065,306500,serial
20260817T052349Z-1,15,0,whimbrel,release-fast-boot,syn_rx,302785,6930800,2896,289600,serial
20260817T052349Z-1,15,0,whimbrel,release-fast-boot,established,305492,7201500,2707,270700,serial
20260817T052349Z-1,15,0,whimbrel,release-fast-boot,serving_ready,309038,7556100,3546,354600,serial
20260817T052349Z-1,15,0,whimbrel,release-fast-boot,net_init_done,311927,7845000,2889,288900,serial
20260817T052349Z-1,15,0,whimbrel,release-fast-boot,heap_init,312151,7867400,224,22400,serial
20260817T052349Z-1,15,0,whimbrel,release-fast-boot,accounting,312403,7892600,252,25200,serial
20260817T052349Z-1,15,0,whimbrel,release-fast-boot,freeze,312476,7899900,73,7300,serial
20260817T052349Z-1,15,0,whimbrel,release-fast-boot,sret,312664,7918700,188,18800,serial
20260817T052349Z-1,15,0,whimbrel,release-fast-boot,E3g,325080,9160300,12416,1241600,serial
20260817T052349Z-1,15,0,whimbrel,release-fast-boot,E3g_doorbell,325866,9238900,786,78600,serial
20260817T052349Z-1,30,0,whimbrel,release-fast-boot,_start,235932,0,0,0,serial
20260817T052349Z-1,30,0,whimbrel,release-fast-boot,stamp_a,236426,49400,494,49400,serial
20260817T052349Z-1,30,0,whimbrel,release-fast-boot,stamp_b,236480,54800,54,5400,serial
20260817T052349Z-1,30,0,whimbrel,release-fast-boot,stvec,239042,311000,2562,256200,serial
20260817T052349Z-1,30,0,whimbrel,release-fast-boot,frame_init,240444,451200,1402,140200,serial
20260817T052349Z-1,30,0,whimbrel,release-fast-boot,task_init,246265,1033300,5821,582100,serial
20260817T052349Z-1,30,0,whimbrel,release-fast-boot,page_build,260837,2490500,14572,1457200,serial
20260817T052349Z-1,30,0,whimbrel,release-fast-boot,page_verify,284672,4874000,23835,2383500,serial
20260817T052349Z-1,30,0,whimbrel,release-fast-boot,activate,285532,4960000,860,86000,serial
20260817T052349Z-1,30,0,whimbrel,release-fast-boot,virtq_init,293989,5805700,8457,845700,serial
20260817T052349Z-1,30,0,whimbrel,release-fast-boot,DRIVER_OK,299490,6355800,5501,550100,serial
20260817T052349Z-1,30,0,whimbrel,release-fast-boot,first_rx,302518,6658600,3028,302800,serial
20260817T052349Z-1,30,0,whimbrel,release-fast-boot,syn_rx,305317,6938500,2799,279900,serial
20260817T052349Z-1,30,0,whimbrel,release-fast-boot,established,308002,7207000,2685,268500,serial
20260817T052349Z-1,30,0,whimbrel,release-fast-boot,serving_ready,311500,7556800,3498,349800,serial
20260817T052349Z-1,30,0,whimbrel,release-fast-boot,net_init_done,314284,7835200,2784,278400,serial
20260817T052349Z-1,30,0,whimbrel,release-fast-boot,heap_init,314505,7857300,221,22100,serial
20260817T052349Z-1,30,0,whimbrel,release-fast-boot,accounting,314755,7882300,250,25000,serial
20260817T052349Z-1,30,0,whimbrel,release-fast-boot,freeze,314827,7889500,72,7200,serial
20260817T052349Z-1,30,0,whimbrel,release-fast-boot,sret,315014,7908200,187,18700,serial
20260817T052349Z-1,30,0,whimbrel,release-fast-boot,E3g,327461,9152900,12447,1244700,serial
20260817T052349Z-1,30,0,whimbrel,release-fast-boot,E3g_doorbell,328250,9231800,789,78900,serial
20260817T052349Z-1,9,0,whimbrel,release-default,_start,233328,0,0,0,serial
20260817T052349Z-1,9,0,whimbrel,release-default,stamp_a,233787,45900,459,45900,serial
20260817T052349Z-1,9,0,whimbrel,release-default,stamp_b,233841,51300,54,5400,serial
20260817T052349Z-1,9,0,whimbrel,release-default,stvec,243898,1057000,10057,1005700,serial
20260817T052349Z-1,9,0,whimbrel,release-default,frame_init,547718,31439000,303820,30382000,serial
20260817T052349Z-1,9,0,whimbrel,release-default,task_init,579987,34665900,32269,3226900,serial
20260817T052349Z-1,9,0,whimbrel,release-default,page_build,591353,35802500,11366,1136600,serial
20260817T052349Z-1,9,0,whimbrel,release-default,page_verify,722470,48914200,131117,13111700,serial
20260817T052349Z-1,9,0,whimbrel,release-default,activate,725298,49197000,2828,282800,serial
20260817T052349Z-1,9,0,whimbrel,release-default,virtq_init,794196,56086800,68898,6889800,serial
20260817T052349Z-1,9,0,whimbrel,release-default,DRIVER_OK,855546,62221800,61350,6135000,serial
20260817T052349Z-1,9,0,whimbrel,release-default,first_rx,888704,65537600,33158,3315800,serial
20260817T052349Z-1,9,0,whimbrel,release-default,syn_rx,900757,66742900,12053,1205300,serial
20260817T052349Z-1,9,0,whimbrel,release-default,established,908345,67501700,7588,758800,serial
20260817T052349Z-1,9,0,whimbrel,release-default,serving_ready,917168,68384000,8823,882300,serial
20260817T052349Z-1,9,0,whimbrel,release-default,net_init_done,968180,73485200,51012,5101200,serial
20260817T052349Z-1,9,0,whimbrel,release-default,heap_init,968416,73508800,236,23600,serial
20260817T052349Z-1,9,0,whimbrel,release-default,accounting,989234,75590600,20818,2081800,serial
20260817T052349Z-1,9,0,whimbrel,release-default,freeze,990226,75689800,992,99200,serial
20260817T052349Z-1,9,0,whimbrel,release-default,sret,992373,75904500,2147,214700,serial
20260817T052349Z-1,9,0,whimbrel,release-default,E3g,1011149,77782100,18776,1877600,serial
20260817T052349Z-1,9,0,whimbrel,release-default,E3g_doorbell,1014779,78145100,3630,363000,serial
20260817T052349Z-1,28,0,whimbrel,release-fast-boot,_start,234300,0,0,0,serial
20260817T052349Z-1,28,0,whimbrel,release-fast-boot,stamp_a,234741,44100,441,44100,serial
20260817T052349Z-1,28,0,whimbrel,release-fast-boot,stamp_b,234795,49500,54,5400,serial
20260817T052349Z-1,28,0,whimbrel,release-fast-boot,stvec,237354,305400,2559,255900,serial
20260817T052349Z-1,28,0,whimbrel,release-fast-boot,frame_init,238769,446900,1415,141500,serial
20260817T052349Z-1,28,0,whimbrel,release-fast-boot,task_init,244598,1029800,5829,582900,serial
20260817T052349Z-1,28,0,whimbrel,release-fast-boot,page_build,259151,2485100,14553,1455300,serial
20260817T052349Z-1,28,0,whimbrel,release-fast-boot,page_verify,282930,4863000,23779,2377900,serial
20260817T052349Z-1,28,0,whimbrel,release-fast-boot,activate,283774,4947400,844,84400,serial
20260817T052349Z-1,28,0,whimbrel,release-fast-boot,virtq_init,292215,5791500,8441,844100,serial
20260817T052349Z-1,28,0,whimbrel,release-fast-boot,DRIVER_OK,297602,6330200,5387,538700,serial
20260817T052349Z-1,28,0,whimbrel,release-fast-boot,first_rx,300718,6641800,3116,311600,serial
20260817T052349Z-1,28,0,whimbrel,release-fast-boot,syn_rx,303482,6918200,2764,276400,serial
20260817T052349Z-1,28,0,whimbrel,release-fast-boot,established,306172,7187200,2690,269000,serial
20260817T052349Z-1,28,0,whimbrel,release-fast-boot,serving_ready,309722,7542200,3550,355000,serial
20260817T052349Z-1,28,0,whimbrel,release-fast-boot,net_init_done,312455,7815500,2733,273300,serial
20260817T052349Z-1,28,0,whimbrel,release-fast-boot,heap_init,312675,7837500,220,22000,serial
20260817T052349Z-1,28,0,whimbrel,release-fast-boot,accounting,312923,7862300,248,24800,serial
20260817T052349Z-1,28,0,whimbrel,release-fast-boot,freeze,312996,7869600,73,7300,serial
20260817T052349Z-1,28,0,whimbrel,release-fast-boot,sret,313185,7888500,189,18900,serial
20260817T052349Z-1,28,0,whimbrel,release-fast-boot,E3g,325558,9125800,12373,1237300,serial
20260817T052349Z-1,28,0,whimbrel,release-fast-boot,E3g_doorbell,326350,9205000,792,79200,serial
20260817T052349Z-1,22,0,whimbrel,release-fast-boot,_start,233141,0,0,0,serial
20260817T052349Z-1,22,0,whimbrel,release-fast-boot,stamp_a,233579,43800,438,43800,serial
20260817T052349Z-1,22,0,whimbrel,release-fast-boot,stamp_b,233633,49200,54,5400,serial
20260817T052349Z-1,22,0,whimbrel,release-fast-boot,stvec,236143,300200,2510,251000,serial
20260817T052349Z-1,22,0,whimbrel,release-fast-boot,frame_init,237543,440200,1400,140000,serial
20260817T052349Z-1,22,0,whimbrel,release-fast-boot,task_init,243425,1028400,5882,588200,serial
20260817T052349Z-1,22,0,whimbrel,release-fast-boot,page_build,257886,2474500,14461,1446100,serial
20260817T052349Z-1,22,0,whimbrel,release-fast-boot,page_verify,281688,4854700,23802,2380200,serial
20260817T052349Z-1,22,0,whimbrel,release-fast-boot,activate,282559,4941800,871,87100,serial
20260817T052349Z-1,22,0,whimbrel,release-fast-boot,virtq_init,290782,5764100,8223,822300,serial
20260817T052349Z-1,22,0,whimbrel,release-fast-boot,DRIVER_OK,296047,6290600,5265,526500,serial
20260817T052349Z-1,22,0,whimbrel,release-fast-boot,first_rx,299124,6598300,3077,307700,serial
20260817T052349Z-1,22,0,whimbrel,release-fast-boot,syn_rx,301903,6876200,2779,277900,serial
20260817T052349Z-1,22,0,whimbrel,release-fast-boot,established,304558,7141700,2655,265500,serial
20260817T052349Z-1,22,0,whimbrel,release-fast-boot,serving_ready,308102,7496100,3544,354400,serial
20260817T052349Z-1,22,0,whimbrel,release-fast-boot,net_init_done,310925,7778400,2823,282300,serial
20260817T052349Z-1,22,0,whimbrel,release-fast-boot,heap_init,311144,7800300,219,21900,serial
20260817T052349Z-1,22,0,whimbrel,release-fast-boot,accounting,311386,7824500,242,24200,serial
20260817T052349Z-1,22,0,whimbrel,release-fast-boot,freeze,311458,7831700,72,7200,serial
20260817T052349Z-1,22,0,whimbrel,release-fast-boot,sret,311644,7850300,186,18600,serial
20260817T052349Z-1,22,0,whimbrel,release-fast-boot,E3g,323810,9066900,12166,1216600,serial
20260817T052349Z-1,22,0,whimbrel,release-fast-boot,E3g_doorbell,324584,9144300,774,77400,serial
20260817T052349Z-1,33,0,whimbrel,release-fast-boot,_start,232734,0,0,0,serial
20260817T052349Z-1,33,0,whimbrel,release-fast-boot,stamp_a,233173,43900,439,43900,serial
20260817T052349Z-1,33,0,whimbrel,release-fast-boot,stamp_b,233227,49300,54,5400,serial
20260817T052349Z-1,33,0,whimbrel,release-fast-boot,stvec,235771,303700,2544,254400,serial
20260817T052349Z-1,33,0,whimbrel,release-fast-boot,frame_init,237160,442600,1389,138900,serial
20260817T052349Z-1,33,0,whimbrel,release-fast-boot,task_init,242927,1019300,5767,576700,serial
20260817T052349Z-1,33,0,whimbrel,release-fast-boot,page_build,257332,2459800,14405,1440500,serial
20260817T052349Z-1,33,0,whimbrel,release-fast-boot,page_verify,281249,4851500,23917,2391700,serial
20260817T052349Z-1,33,0,whimbrel,release-fast-boot,activate,282111,4937700,862,86200,serial
20260817T052349Z-1,33,0,whimbrel,release-fast-boot,virtq_init,290569,5783500,8458,845800,serial
20260817T052349Z-1,33,0,whimbrel,release-fast-boot,DRIVER_OK,295968,6323400,5399,539900,serial
20260817T052349Z-1,33,0,whimbrel,release-fast-boot,first_rx,299074,6634000,3106,310600,serial
20260817T052349Z-1,33,0,whimbrel,release-fast-boot,syn_rx,301841,6910700,2767,276700,serial
20260817T052349Z-1,33,0,whimbrel,release-fast-boot,established,304485,7175100,2644,264400,serial
20260817T052349Z-1,33,0,whimbrel,release-fast-boot,serving_ready,307995,7526100,3510,351000,serial
20260817T052349Z-1,33,0,whimbrel,release-fast-boot,net_init_done,310772,7803800,2777,277700,serial
20260817T052349Z-1,33,0,whimbrel,release-fast-boot,heap_init,310993,7825900,221,22100,serial
20260817T052349Z-1,33,0,whimbrel,release-fast-boot,accounting,311242,7850800,249,24900,serial
20260817T052349Z-1,33,0,whimbrel,release-fast-boot,freeze,311314,7858000,72,7200,serial
20260817T052349Z-1,33,0,whimbrel,release-fast-boot,sret,311502,7876800,188,18800,serial
20260817T052349Z-1,33,0,whimbrel,release-fast-boot,E3g,323918,9118400,12416,1241600,serial
20260817T052349Z-1,33,0,whimbrel,release-fast-boot,E3g_doorbell,324691,9195700,773,77300,serial
20260817T052349Z-1,20,0,whimbrel,release-fast-boot,_start,233607,0,0,0,serial
20260817T052349Z-1,20,0,whimbrel,release-fast-boot,stamp_a,234047,44000,440,44000,serial
20260817T052349Z-1,20,0,whimbrel,release-fast-boot,stamp_b,234101,49400,54,5400,serial
20260817T052349Z-1,20,0,whimbrel,release-fast-boot,stvec,236624,301700,2523,252300,serial
20260817T052349Z-1,20,0,whimbrel,release-fast-boot,frame_init,238116,450900,1492,149200,serial
20260817T052349Z-1,20,0,whimbrel,release-fast-boot,task_init,243870,1026300,5754,575400,serial
20260817T052349Z-1,20,0,whimbrel,release-fast-boot,page_build,258392,2478500,14522,1452200,serial
20260817T052349Z-1,20,0,whimbrel,release-fast-boot,page_verify,282145,4853800,23753,2375300,serial
20260817T052349Z-1,20,0,whimbrel,release-fast-boot,activate,282994,4938700,849,84900,serial
20260817T052349Z-1,20,0,whimbrel,release-fast-boot,virtq_init,291452,5784500,8458,845800,serial
20260817T052349Z-1,20,0,whimbrel,release-fast-boot,DRIVER_OK,296909,6330200,5457,545700,serial
20260817T052349Z-1,20,0,whimbrel,release-fast-boot,first_rx,300078,6647100,3169,316900,serial
20260817T052349Z-1,20,0,whimbrel,release-fast-boot,syn_rx,302880,6927300,2802,280200,serial
20260817T052349Z-1,20,0,whimbrel,release-fast-boot,established,305508,7190100,2628,262800,serial
20260817T052349Z-1,20,0,whimbrel,release-fast-boot,serving_ready,309094,7548700,3586,358600,serial
20260817T052349Z-1,20,0,whimbrel,release-fast-boot,net_init_done,311863,7825600,2769,276900,serial
20260817T052349Z-1,20,0,whimbrel,release-fast-boot,heap_init,312083,7847600,220,22000,serial
20260817T052349Z-1,20,0,whimbrel,release-fast-boot,accounting,312331,7872400,248,24800,serial
20260817T052349Z-1,20,0,whimbrel,release-fast-boot,freeze,312405,7879800,74,7400,serial
20260817T052349Z-1,20,0,whimbrel,release-fast-boot,sret,312594,7898700,189,18900,serial
20260817T052349Z-1,20,0,whimbrel,release-fast-boot,E3g,324991,9138400,12397,1239700,serial
20260817T052349Z-1,20,0,whimbrel,release-fast-boot,E3g_doorbell,325803,9219600,812,81200,serial
20260817T052349Z-1,29,0,whimbrel,release-fast-boot,_start,233979,0,0,0,serial
20260817T052349Z-1,29,0,whimbrel,release-fast-boot,stamp_a,234419,44000,440,44000,serial
20260817T052349Z-1,29,0,whimbrel,release-fast-boot,stamp_b,234474,49500,55,5500,serial
20260817T052349Z-1,29,0,whimbrel,release-fast-boot,stvec,237003,302400,2529,252900,serial
20260817T052349Z-1,29,0,whimbrel,release-fast-boot,frame_init,238458,447900,1455,145500,serial
20260817T052349Z-1,29,0,whimbrel,release-fast-boot,task_init,244261,1028200,5803,580300,serial
20260817T052349Z-1,29,0,whimbrel,release-fast-boot,page_build,258880,2490100,14619,1461900,serial
20260817T052349Z-1,29,0,whimbrel,release-fast-boot,page_verify,282729,4875000,23849,2384900,serial
20260817T052349Z-1,29,0,whimbrel,release-fast-boot,activate,283587,4960800,858,85800,serial
20260817T052349Z-1,29,0,whimbrel,release-fast-boot,virtq_init,292092,5811300,8505,850500,serial
20260817T052349Z-1,29,0,whimbrel,release-fast-boot,DRIVER_OK,297548,6356900,5456,545600,serial
20260817T052349Z-1,29,0,whimbrel,release-fast-boot,first_rx,300659,6668000,3111,311100,serial
20260817T052349Z-1,29,0,whimbrel,release-fast-boot,syn_rx,303508,6952900,2849,284900,serial
20260817T052349Z-1,29,0,whimbrel,release-fast-boot,established,306145,7216600,2637,263700,serial
20260817T052349Z-1,29,0,whimbrel,release-fast-boot,serving_ready,309677,7569800,3532,353200,serial
20260817T052349Z-1,29,0,whimbrel,release-fast-boot,net_init_done,312441,7846200,2764,276400,serial
20260817T052349Z-1,29,0,whimbrel,release-fast-boot,heap_init,312658,7867900,217,21700,serial
20260817T052349Z-1,29,0,whimbrel,release-fast-boot,accounting,312902,7892300,244,24400,serial
20260817T052349Z-1,29,0,whimbrel,release-fast-boot,freeze,312973,7899400,71,7100,serial
20260817T052349Z-1,29,0,whimbrel,release-fast-boot,sret,313159,7918000,186,18600,serial
20260817T052349Z-1,29,0,whimbrel,release-fast-boot,E3g,325340,9136100,12181,1218100,serial
20260817T052349Z-1,29,0,whimbrel,release-fast-boot,E3g_doorbell,326125,9214600,785,78500,serial
20260817T052349Z-1,14,0,whimbrel,release-default,_start,235085,0,0,0,serial
20260817T052349Z-1,14,0,whimbrel,release-default,stamp_a,235582,49700,497,49700,serial
20260817T052349Z-1,14,0,whimbrel,release-default,stamp_b,235635,55000,53,5300,serial
20260817T052349Z-1,14,0,whimbrel,release-default,stvec,245753,1066800,10118,1011800,serial
20260817T052349Z-1,14,0,whimbrel,release-default,frame_init,551107,31602200,305354,30535400,serial
20260817T052349Z-1,14,0,whimbrel,release-default,task_init,584003,34891800,32896,3289600,serial
20260817T052349Z-1,14,0,whimbrel,release-default,page_build,596401,36131600,12398,1239800,serial
20260817T052349Z-1,14,0,whimbrel,release-default,page_verify,726256,49117100,129855,12985500,serial
20260817T052349Z-1,14,0,whimbrel,release-default,activate,729228,49414300,2972,297200,serial
20260817T052349Z-1,14,0,whimbrel,release-default,virtq_init,798290,56320500,69062,6906200,serial
20260817T052349Z-1,14,0,whimbrel,release-default,DRIVER_OK,860343,62525800,62053,6205300,serial
20260817T052349Z-1,14,0,whimbrel,release-default,first_rx,893765,65868000,33422,3342200,serial
20260817T052349Z-1,14,0,whimbrel,release-default,syn_rx,905888,67080300,12123,1212300,serial
20260817T052349Z-1,14,0,whimbrel,release-default,established,913611,67852600,7723,772300,serial
20260817T052349Z-1,14,0,whimbrel,release-default,serving_ready,922550,68746500,8939,893900,serial
20260817T052349Z-1,14,0,whimbrel,release-default,net_init_done,973589,73850400,51039,5103900,serial
20260817T052349Z-1,14,0,whimbrel,release-default,heap_init,973821,73873600,232,23200,serial
20260817T052349Z-1,14,0,whimbrel,release-default,accounting,994789,75970400,20968,2096800,serial
20260817T052349Z-1,14,0,whimbrel,release-default,freeze,995820,76073500,1031,103100,serial
20260817T052349Z-1,14,0,whimbrel,release-default,sret,997978,76289300,2158,215800,serial
20260817T052349Z-1,14,0,whimbrel,release-default,E3g,1017233,78214800,19255,1925500,serial
20260817T052349Z-1,14,0,whimbrel,release-default,E3g_doorbell,1021062,78597700,3829,382900,serial
20260817T052349Z-1,14,0,whimbrel,release-fast-boot,_start,234330,0,0,0,serial
20260817T052349Z-1,14,0,whimbrel,release-fast-boot,stamp_a,234778,44800,448,44800,serial
20260817T052349Z-1,14,0,whimbrel,release-fast-boot,stamp_b,234833,50300,55,5500,serial
20260817T052349Z-1,14,0,whimbrel,release-fast-boot,stvec,237394,306400,2561,256100,serial
20260817T052349Z-1,14,0,whimbrel,release-fast-boot,frame_init,238877,454700,1483,148300,serial
20260817T052349Z-1,14,0,whimbrel,release-fast-boot,task_init,244682,1035200,5805,580500,serial
20260817T052349Z-1,14,0,whimbrel,release-fast-boot,page_build,259318,2498800,14636,1463600,serial
20260817T052349Z-1,14,0,whimbrel,release-fast-boot,page_verify,283321,4899100,24003,2400300,serial
20260817T052349Z-1,14,0,whimbrel,release-fast-boot,activate,284216,4988600,895,89500,serial
20260817T052349Z-1,14,0,whimbrel,release-fast-boot,virtq_init,292768,5843800,8552,855200,serial
20260817T052349Z-1,14,0,whimbrel,release-fast-boot,DRIVER_OK,298278,6394800,5510,551000,serial
20260817T052349Z-1,14,0,whimbrel,release-fast-boot,first_rx,301468,6713800,3190,319000,serial
20260817T052349Z-1,14,0,whimbrel,release-fast-boot,syn_rx,304275,6994500,2807,280700,serial
20260817T052349Z-1,14,0,whimbrel,release-fast-boot,established,306974,7264400,2699,269900,serial
20260817T052349Z-1,14,0,whimbrel,release-fast-boot,serving_ready,310622,7629200,3648,364800,serial
20260817T052349Z-1,14,0,whimbrel,release-fast-boot,net_init_done,342466,10813600,31844,3184400,serial
20260817T052349Z-1,14,0,whimbrel,release-fast-boot,heap_init,342748,10841800,282,28200,serial
20260817T052349Z-1,14,0,whimbrel,release-fast-boot,accounting,343002,10867200,254,25400,serial
20260817T052349Z-1,14,0,whimbrel,release-fast-boot,freeze,343076,10874600,74,7400,serial
20260817T052349Z-1,14,0,whimbrel,release-fast-boot,sret,343270,10894000,194,19400,serial
20260817T052349Z-1,14,0,whimbrel,release-fast-boot,E3g,355744,12141400,12474,1247400,serial
20260817T052349Z-1,14,0,whimbrel,release-fast-boot,E3g_doorbell,356543,12221300,799,79900,serial
20260817T052349Z-1,21,0,whimbrel,release-default,_start,232045,0,0,0,serial
20260817T052349Z-1,21,0,whimbrel,release-default,stamp_a,232495,45000,450,45000,serial
20260817T052349Z-1,21,0,whimbrel,release-default,stamp_b,232549,50400,54,5400,serial
20260817T052349Z-1,21,0,whimbrel,release-default,stvec,242680,1063500,10131,1013100,serial
20260817T052349Z-1,21,0,whimbrel,release-default,frame_init,546499,31445400,303819,30381900,serial
20260817T052349Z-1,21,0,whimbrel,release-default,task_init,579802,34775700,33303,3330300,serial
20260817T052349Z-1,21,0,whimbrel,release-default,page_build,592025,35998000,12223,1222300,serial
20260817T052349Z-1,21,0,whimbrel,release-default,page_verify,722247,49020200,130222,13022200,serial
20260817T052349Z-1,21,0,whimbrel,release-default,activate,725053,49300800,2806,280600,serial
20260817T052349Z-1,21,0,whimbrel,release-default,virtq_init,793924,56187900,68871,6887100,serial
20260817T052349Z-1,21,0,whimbrel,release-default,DRIVER_OK,855470,62342500,61546,6154600,serial
20260817T052349Z-1,21,0,whimbrel,release-default,first_rx,888572,65652700,33102,3310200,serial
20260817T052349Z-1,21,0,whimbrel,release-default,syn_rx,900690,66864500,12118,1211800,serial
20260817T052349Z-1,21,0,whimbrel,release-default,established,908321,67627600,7631,763100,serial
20260817T052349Z-1,21,0,whimbrel,release-default,serving_ready,917152,68510700,8831,883100,serial
20260817T052349Z-1,21,0,whimbrel,release-default,net_init_done,968207,73616200,51055,5105500,serial
20260817T052349Z-1,21,0,whimbrel,release-default,heap_init,968436,73639100,229,22900,serial
20260817T052349Z-1,21,0,whimbrel,release-default,accounting,989615,75757000,21179,2117900,serial
20260817T052349Z-1,21,0,whimbrel,release-default,freeze,990624,75857900,1009,100900,serial
20260817T052349Z-1,21,0,whimbrel,release-default,sret,992826,76078100,2202,220200,serial
20260817T052349Z-1,21,0,whimbrel,release-default,E3g,1011812,77976700,18986,1898600,serial
20260817T052349Z-1,21,0,whimbrel,release-default,E3g_doorbell,1015453,78340800,3641,364100,serial
20260817T052349Z-1,17,0,whimbrel,release-default,_start,233927,0,0,0,serial
20260817T052349Z-1,17,0,whimbrel,release-default,stamp_a,234380,45300,453,45300,serial
20260817T052349Z-1,17,0,whimbrel,release-default,stamp_b,234434,50700,54,5400,serial
20260817T052349Z-1,17,0,whimbrel,release-default,stvec,244581,1065400,10147,1014700,serial
20260817T052349Z-1,17,0,whimbrel,release-default,frame_init,548311,31438400,303730,30373000,serial
20260817T052349Z-1,17,0,whimbrel,release-default,task_init,580091,34616400,31780,3178000,serial
20260817T052349Z-1,17,0,whimbrel,release-default,page_build,592246,35831900,12155,1215500,serial
20260817T052349Z-1,17,0,whimbrel,release-default,page_verify,722538,48861100,130292,13029200,serial
20260817T052349Z-1,17,0,whimbrel,release-default,activate,725327,49140000,2789,278900,serial
20260817T052349Z-1,17,0,whimbrel,release-default,virtq_init,794104,56017700,68777,6877700,serial
20260817T052349Z-1,17,0,whimbrel,release-default,DRIVER_OK,855147,62122000,61043,6104300,serial
20260817T052349Z-1,17,0,whimbrel,release-default,first_rx,887659,65373200,32512,3251200,serial
20260817T052349Z-1,17,0,whimbrel,release-default,syn_rx,899540,66561300,11881,1188100,serial
20260817T052349Z-1,17,0,whimbrel,release-default,established,907152,67322500,7612,761200,serial
20260817T052349Z-1,17,0,whimbrel,release-default,serving_ready,915932,68200500,8780,878000,serial
20260817T052349Z-1,17,0,whimbrel,release-default,net_init_done,966207,73228000,50275,5027500,serial
20260817T052349Z-1,17,0,whimbrel,release-default,heap_init,966438,73251100,231,23100,serial
20260817T052349Z-1,17,0,whimbrel,release-default,accounting,987144,75321700,20706,2070600,serial
20260817T052349Z-1,17,0,whimbrel,release-default,freeze,988127,75420000,983,98300,serial
20260817T052349Z-1,17,0,whimbrel,release-default,sret,990310,75638300,2183,218300,serial
20260817T052349Z-1,17,0,whimbrel,release-default,E3g,1008982,77505500,18672,1867200,serial
20260817T052349Z-1,17,0,whimbrel,release-default,E3g_doorbell,1012631,77870400,3649,364900,serial
20260817T052349Z-1,18,0,whimbrel,release-fast-boot,_start,234249,0,0,0,serial
20260817T052349Z-1,18,0,whimbrel,release-fast-boot,stamp_a,234697,44800,448,44800,serial
20260817T052349Z-1,18,0,whimbrel,release-fast-boot,stamp_b,234753,50400,56,5600,serial
20260817T052349Z-1,18,0,whimbrel,release-fast-boot,stvec,237280,303100,2527,252700,serial
20260817T052349Z-1,18,0,whimbrel,release-fast-boot,frame_init,238699,445000,1419,141900,serial
20260817T052349Z-1,18,0,whimbrel,release-fast-boot,task_init,244501,1025200,5802,580200,serial
20260817T052349Z-1,18,0,whimbrel,release-fast-boot,page_build,258964,2471500,14463,1446300,serial
20260817T052349Z-1,18,0,whimbrel,release-fast-boot,page_verify,283117,4886800,24153,2415300,serial
20260817T052349Z-1,18,0,whimbrel,release-fast-boot,activate,283973,4972400,856,85600,serial
20260817T052349Z-1,18,0,whimbrel,release-fast-boot,virtq_init,292532,5828300,8559,855900,serial
20260817T052349Z-1,18,0,whimbrel,release-fast-boot,DRIVER_OK,297997,6374800,5465,546500,serial
20260817T052349Z-1,18,0,whimbrel,release-fast-boot,first_rx,301072,6682300,3075,307500,serial
20260817T052349Z-1,18,0,whimbrel,release-fast-boot,syn_rx,303893,6964400,2821,282100,serial
20260817T052349Z-1,18,0,whimbrel,release-fast-boot,established,306594,7234500,2701,270100,serial
20260817T052349Z-1,18,0,whimbrel,release-fast-boot,serving_ready,310096,7584700,3502,350200,serial
20260817T052349Z-1,18,0,whimbrel,release-fast-boot,net_init_done,312897,7864800,2801,280100,serial
20260817T052349Z-1,18,0,whimbrel,release-fast-boot,heap_init,313117,7886800,220,22000,serial
20260817T052349Z-1,18,0,whimbrel,release-fast-boot,accounting,313365,7911600,248,24800,serial
20260817T052349Z-1,18,0,whimbrel,release-fast-boot,freeze,313438,7918900,73,7300,serial
20260817T052349Z-1,18,0,whimbrel,release-fast-boot,sret,313626,7937700,188,18800,serial
20260817T052349Z-1,18,0,whimbrel,release-fast-boot,E3g,325944,9169500,12318,1231800,serial
20260817T052349Z-1,18,0,whimbrel,release-fast-boot,E3g_doorbell,326727,9247800,783,78300,serial
20260817T052349Z-1,5,0,whimbrel,release-fast-boot,_start,234297,0,0,0,serial
20260817T052349Z-1,5,0,whimbrel,release-fast-boot,stamp_a,234738,44100,441,44100,serial
20260817T052349Z-1,5,0,whimbrel,release-fast-boot,stamp_b,234793,49600,55,5500,serial
20260817T052349Z-1,5,0,whimbrel,release-fast-boot,stvec,237324,302700,2531,253100,serial
20260817T052349Z-1,5,0,whimbrel,release-fast-boot,frame_init,238735,443800,1411,141100,serial
20260817T052349Z-1,5,0,whimbrel,release-fast-boot,task_init,244526,1022900,5791,579100,serial
20260817T052349Z-1,5,0,whimbrel,release-fast-boot,page_build,259038,2474100,14512,1451200,serial
20260817T052349Z-1,5,0,whimbrel,release-fast-boot,page_verify,283185,4888800,24147,2414700,serial
20260817T052349Z-1,5,0,whimbrel,release-fast-boot,activate,284034,4973700,849,84900,serial
20260817T052349Z-1,5,0,whimbrel,release-fast-boot,virtq_init,292391,5809400,8357,835700,serial
20260817T052349Z-1,5,0,whimbrel,release-fast-boot,DRIVER_OK,297689,6339200,5298,529800,serial
20260817T052349Z-1,5,0,whimbrel,release-fast-boot,first_rx,300793,6649600,3104,310400,serial
20260817T052349Z-1,5,0,whimbrel,release-fast-boot,syn_rx,303531,6923400,2738,273800,serial
20260817T052349Z-1,5,0,whimbrel,release-fast-boot,established,306143,7184600,2612,261200,serial
20260817T052349Z-1,5,0,whimbrel,release-fast-boot,serving_ready,309690,7539300,3547,354700,serial
20260817T052349Z-1,5,0,whimbrel,release-fast-boot,net_init_done,312516,7821900,2826,282600,serial
20260817T052349Z-1,5,0,whimbrel,release-fast-boot,heap_init,312737,7844000,221,22100,serial
20260817T052349Z-1,5,0,whimbrel,release-fast-boot,accounting,312984,7868700,247,24700,serial
20260817T052349Z-1,5,0,whimbrel,release-fast-boot,freeze,313057,7876000,73,7300,serial
20260817T052349Z-1,5,0,whimbrel,release-fast-boot,sret,313245,7894800,188,18800,serial
20260817T052349Z-1,5,0,whimbrel,release-fast-boot,E3g,325556,9125900,12311,1231100,serial
20260817T052349Z-1,5,0,whimbrel,release-fast-boot,E3g_doorbell,326345,9204800,789,78900,serial
20260817T052349Z-1,20,0,whimbrel,release-default,_start,233270,0,0,0,serial
20260817T052349Z-1,20,0,whimbrel,release-default,stamp_a,233720,45000,450,45000,serial
20260817T052349Z-1,20,0,whimbrel,release-default,stamp_b,233773,50300,53,5300,serial
20260817T052349Z-1,20,0,whimbrel,release-default,stvec,243840,1057000,10067,1006700,serial
20260817T052349Z-1,20,0,whimbrel,release-default,frame_init,548977,31570700,305137,30513700,serial
20260817T052349Z-1,20,0,whimbrel,release-default,task_init,581887,34861700,32910,3291000,serial
20260817T052349Z-1,20,0,whimbrel,release-default,page_build,594156,36088600,12269,1226900,serial
20260817T052349Z-1,20,0,whimbrel,release-default,page_verify,724996,49172600,130840,13084000,serial
20260817T052349Z-1,20,0,whimbrel,release-default,activate,727911,49464100,2915,291500,serial
20260817T052349Z-1,20,0,whimbrel,release-default,virtq_init,797268,56399800,69357,6935700,serial
20260817T052349Z-1,20,0,whimbrel,release-default,DRIVER_OK,859047,62577700,61779,6177900,serial
20260817T052349Z-1,20,0,whimbrel,release-default,first_rx,892247,65897700,33200,3320000,serial
20260817T052349Z-1,20,0,whimbrel,release-default,syn_rx,904407,67113700,12160,1216000,serial
20260817T052349Z-1,20,0,whimbrel,release-default,established,912139,67886900,7732,773200,serial
20260817T052349Z-1,20,0,whimbrel,release-default,serving_ready,921036,68776600,8897,889700,serial
20260817T052349Z-1,20,0,whimbrel,release-default,net_init_done,972187,73891700,51151,5115100,serial
20260817T052349Z-1,20,0,whimbrel,release-default,heap_init,972421,73915100,234,23400,serial
20260817T052349Z-1,20,0,whimbrel,release-default,accounting,993454,76018400,21033,2103300,serial
20260817T052349Z-1,20,0,whimbrel,release-default,freeze,994451,76118100,997,99700,serial
20260817T052349Z-1,20,0,whimbrel,release-default,sret,996682,76341200,2231,223100,serial
20260817T052349Z-1,20,0,whimbrel,release-default,E3g,1015810,78254000,19128,1912800,serial
20260817T052349Z-1,20,0,whimbrel,release-default,E3g_doorbell,1019725,78645500,3915,391500,serial
20260817T052349Z-1,7,0,whimbrel,release-fast-boot,_start,233397,0,0,0,serial
20260817T052349Z-1,7,0,whimbrel,release-fast-boot,stamp_a,233838,44100,441,44100,serial
20260817T052349Z-1,7,0,whimbrel,release-fast-boot,stamp_b,233892,49500,54,5400,serial
20260817T052349Z-1,7,0,whimbrel,release-fast-boot,stvec,236401,300400,2509,250900,serial
20260817T052349Z-1,7,0,whimbrel,release-fast-boot,frame_init,237811,441400,1410,141000,serial
20260817T052349Z-1,7,0,whimbrel,release-fast-boot,task_init,243643,1024600,5832,583200,serial
20260817T052349Z-1,7,0,whimbrel,release-fast-boot,page_build,258081,2468400,14438,1443800,serial
20260817T052349Z-1,7,0,whimbrel,release-fast-boot,page_verify,281922,4852500,23841,2384100,serial
20260817T052349Z-1,7,0,whimbrel,release-fast-boot,activate,282823,4942600,901,90100,serial
20260817T052349Z-1,7,0,whimbrel,release-fast-boot,virtq_init,291189,5779200,8366,836600,serial
20260817T052349Z-1,7,0,whimbrel,release-fast-boot,DRIVER_OK,296542,6314500,5353,535300,serial
20260817T052349Z-1,7,0,whimbrel,release-fast-boot,first_rx,299665,6626800,3123,312300,serial
20260817T052349Z-1,7,0,whimbrel,release-fast-boot,syn_rx,302466,6906900,2801,280100,serial
20260817T052349Z-1,7,0,whimbrel,release-fast-boot,established,305109,7171200,2643,264300,serial
20260817T052349Z-1,7,0,whimbrel,release-fast-boot,serving_ready,308645,7524800,3536,353600,serial
20260817T052349Z-1,7,0,whimbrel,release-fast-boot,net_init_done,311365,7796800,2720,272000,serial
20260817T052349Z-1,7,0,whimbrel,release-fast-boot,heap_init,311588,7819100,223,22300,serial
20260817T052349Z-1,7,0,whimbrel,release-fast-boot,accounting,311836,7843900,248,24800,serial
20260817T052349Z-1,7,0,whimbrel,release-fast-boot,freeze,311909,7851200,73,7300,serial
20260817T052349Z-1,7,0,whimbrel,release-fast-boot,sret,312096,7869900,187,18700,serial
20260817T052349Z-1,7,0,whimbrel,release-fast-boot,E3g,324397,9100000,12301,1230100,serial
20260817T052349Z-1,7,0,whimbrel,release-fast-boot,E3g_doorbell,325210,9181300,813,81300,serial
20260817T052349Z-1,24,0,whimbrel,release-fast-boot,_start,234147,0,0,0,serial
20260817T052349Z-1,24,0,whimbrel,release-fast-boot,stamp_a,234586,43900,439,43900,serial
20260817T052349Z-1,24,0,whimbrel,release-fast-boot,stamp_b,234641,49400,55,5500,serial
20260817T052349Z-1,24,0,whimbrel,release-fast-boot,stvec,237162,301500,2521,252100,serial
20260817T052349Z-1,24,0,whimbrel,release-fast-boot,frame_init,238576,442900,1414,141400,serial
20260817T052349Z-1,24,0,whimbrel,release-fast-boot,task_init,244366,1021900,5790,579000,serial
20260817T052349Z-1,24,0,whimbrel,release-fast-boot,page_build,258800,2465300,14434,1443400,serial
20260817T052349Z-1,24,0,whimbrel,release-fast-boot,page_verify,282705,4855800,23905,2390500,serial
20260817T052349Z-1,24,0,whimbrel,release-fast-boot,activate,283599,4945200,894,89400,serial
20260817T052349Z-1,24,0,whimbrel,release-fast-boot,virtq_init,292059,5791200,8460,846000,serial
20260817T052349Z-1,24,0,whimbrel,release-fast-boot,DRIVER_OK,297499,6335200,5440,544000,serial
20260817T052349Z-1,24,0,whimbrel,release-fast-boot,first_rx,300695,6654800,3196,319600,serial
20260817T052349Z-1,24,0,whimbrel,release-fast-boot,syn_rx,303464,6931700,2769,276900,serial
20260817T052349Z-1,24,0,whimbrel,release-fast-boot,established,306122,7197500,2658,265800,serial
20260817T052349Z-1,24,0,whimbrel,release-fast-boot,serving_ready,309792,7564500,3670,367000,serial
20260817T052349Z-1,24,0,whimbrel,release-fast-boot,net_init_done,312519,7837200,2727,272700,serial
20260817T052349Z-1,24,0,whimbrel,release-fast-boot,heap_init,312740,7859300,221,22100,serial
20260817T052349Z-1,24,0,whimbrel,release-fast-boot,accounting,312989,7884200,249,24900,serial
20260817T052349Z-1,24,0,whimbrel,release-fast-boot,freeze,313061,7891400,72,7200,serial
20260817T052349Z-1,24,0,whimbrel,release-fast-boot,sret,313249,7910200,188,18800,serial
20260817T052349Z-1,24,0,whimbrel,release-fast-boot,E3g,325662,9151500,12413,1241300,serial
20260817T052349Z-1,24,0,whimbrel,release-fast-boot,E3g_doorbell,326457,9231000,795,79500,serial
20260817T052349Z-1,23,0,whimbrel,release-fast-boot,_start,233410,0,0,0,serial
20260817T052349Z-1,23,0,whimbrel,release-fast-boot,stamp_a,233847,43700,437,43700,serial
20260817T052349Z-1,23,0,whimbrel,release-fast-boot,stamp_b,233902,49200,55,5500,serial
20260817T052349Z-1,23,0,whimbrel,release-fast-boot,stvec,236451,304100,2549,254900,serial
20260817T052349Z-1,23,0,whimbrel,release-fast-boot,frame_init,237856,444600,1405,140500,serial
20260817T052349Z-1,23,0,whimbrel,release-fast-boot,task_init,243645,1023500,5789,578900,serial
20260817T052349Z-1,23,0,whimbrel,release-fast-boot,page_build,258205,2479500,14560,1456000,serial
20260817T052349Z-1,23,0,whimbrel,release-fast-boot,page_verify,282287,4887700,24082,2408200,serial
20260817T052349Z-1,23,0,whimbrel,release-fast-boot,activate,283147,4973700,860,86000,serial
20260817T052349Z-1,23,0,whimbrel,release-fast-boot,virtq_init,291593,5818300,8446,844600,serial
20260817T052349Z-1,23,0,whimbrel,release-fast-boot,DRIVER_OK,297024,6361400,5431,543100,serial
20260817T052349Z-1,23,0,whimbrel,release-fast-boot,first_rx,300076,6666600,3052,305200,serial
20260817T052349Z-1,23,0,whimbrel,release-fast-boot,syn_rx,302881,6947100,2805,280500,serial
20260817T052349Z-1,23,0,whimbrel,release-fast-boot,established,305498,7208800,2617,261700,serial
20260817T052349Z-1,23,0,whimbrel,release-fast-boot,serving_ready,309047,7563700,3549,354900,serial
20260817T052349Z-1,23,0,whimbrel,release-fast-boot,net_init_done,311891,7848100,2844,284400,serial
20260817T052349Z-1,23,0,whimbrel,release-fast-boot,heap_init,312111,7870100,220,22000,serial
20260817T052349Z-1,23,0,whimbrel,release-fast-boot,accounting,312358,7894800,247,24700,serial
20260817T052349Z-1,23,0,whimbrel,release-fast-boot,freeze,312431,7902100,73,7300,serial
20260817T052349Z-1,23,0,whimbrel,release-fast-boot,sret,312618,7920800,187,18700,serial
20260817T052349Z-1,23,0,whimbrel,release-fast-boot,E3g,324982,9157200,12364,1236400,serial
20260817T052349Z-1,23,0,whimbrel,release-fast-boot,E3g_doorbell,325830,9242000,848,84800,serial
20260817T052349Z-1,4,0,whimbrel,release-fast-boot,_start,233659,0,0,0,serial
20260817T052349Z-1,4,0,whimbrel,release-fast-boot,stamp_a,234096,43700,437,43700,serial
20260817T052349Z-1,4,0,whimbrel,release-fast-boot,stamp_b,234150,49100,54,5400,serial
20260817T052349Z-1,4,0,whimbrel,release-fast-boot,stvec,236667,300800,2517,251700,serial
20260817T052349Z-1,4,0,whimbrel,release-fast-boot,frame_init,238111,445200,1444,144400,serial
20260817T052349Z-1,4,0,whimbrel,release-fast-boot,task_init,243907,1024800,5796,579600,serial
20260817T052349Z-1,4,0,whimbrel,release-fast-boot,page_build,258427,2476800,14520,1452000,serial
20260817T052349Z-1,4,0,whimbrel,release-fast-boot,page_verify,282318,4865900,23891,2389100,serial
20260817T052349Z-1,4,0,whimbrel,release-fast-boot,activate,283213,4955400,895,89500,serial
20260817T052349Z-1,4,0,whimbrel,release-fast-boot,virtq_init,291675,5801600,8462,846200,serial
20260817T052349Z-1,4,0,whimbrel,release-fast-boot,DRIVER_OK,297084,6342500,5409,540900,serial
20260817T052349Z-1,4,0,whimbrel,release-fast-boot,first_rx,300236,6657700,3152,315200,serial
20260817T052349Z-1,4,0,whimbrel,release-fast-boot,syn_rx,302968,6930900,2732,273200,serial
20260817T052349Z-1,4,0,whimbrel,release-fast-boot,established,305582,7192300,2614,261400,serial
20260817T052349Z-1,4,0,whimbrel,release-fast-boot,serving_ready,309167,7550800,3585,358500,serial
20260817T052349Z-1,4,0,whimbrel,release-fast-boot,net_init_done,311928,7826900,2761,276100,serial
20260817T052349Z-1,4,0,whimbrel,release-fast-boot,heap_init,312150,7849100,222,22200,serial
20260817T052349Z-1,4,0,whimbrel,release-fast-boot,accounting,312397,7873800,247,24700,serial
20260817T052349Z-1,4,0,whimbrel,release-fast-boot,freeze,312472,7881300,75,7500,serial
20260817T052349Z-1,4,0,whimbrel,release-fast-boot,sret,312661,7900200,189,18900,serial
20260817T052349Z-1,4,0,whimbrel,release-fast-boot,E3g,325060,9140100,12399,1239900,serial
20260817T052349Z-1,4,0,whimbrel,release-fast-boot,E3g_doorbell,325847,9218800,787,78700,serial
20260817T052349Z-1,8,0,whimbrel,release-fast-boot,_start,235013,0,0,0,serial
20260817T052349Z-1,8,0,whimbrel,release-fast-boot,stamp_a,235454,44100,441,44100,serial
20260817T052349Z-1,8,0,whimbrel,release-fast-boot,stamp_b,235508,49500,54,5400,serial
20260817T052349Z-1,8,0,whimbrel,release-fast-boot,stvec,238007,299400,2499,249900,serial
20260817T052349Z-1,8,0,whimbrel,release-fast-boot,frame_init,239399,438600,1392,139200,serial
20260817T052349Z-1,8,0,whimbrel,release-fast-boot,task_init,245206,1019300,5807,580700,serial
20260817T052349Z-1,8,0,whimbrel,release-fast-boot,page_build,261660,2664700,16454,1645400,serial
20260817T052349Z-1,8,0,whimbrel,release-fast-boot,page_verify,286582,5156900,24922,2492200,serial
20260817T052349Z-1,8,0,whimbrel,release-fast-boot,activate,287435,5242200,853,85300,serial
20260817T052349Z-1,8,0,whimbrel,release-fast-boot,virtq_init,295886,6087300,8451,845100,serial
20260817T052349Z-1,8,0,whimbrel,release-fast-boot,DRIVER_OK,301316,6630300,5430,543000,serial
20260817T052349Z-1,8,0,whimbrel,release-fast-boot,first_rx,304431,6941800,3115,311500,serial
20260817T052349Z-1,8,0,whimbrel,release-fast-boot,syn_rx,307242,7222900,2811,281100,serial
20260817T052349Z-1,8,0,whimbrel,release-fast-boot,established,309917,7490400,2675,267500,serial
20260817T052349Z-1,8,0,whimbrel,release-fast-boot,serving_ready,313455,7844200,3538,353800,serial
20260817T052349Z-1,8,0,whimbrel,release-fast-boot,net_init_done,316255,8124200,2800,280000,serial
20260817T052349Z-1,8,0,whimbrel,release-fast-boot,heap_init,316477,8146400,222,22200,serial
20260817T052349Z-1,8,0,whimbrel,release-fast-boot,accounting,316726,8171300,249,24900,serial
20260817T052349Z-1,8,0,whimbrel,release-fast-boot,freeze,316800,8178700,74,7400,serial
20260817T052349Z-1,8,0,whimbrel,release-fast-boot,sret,316987,8197400,187,18700,serial
20260817T052349Z-1,8,0,whimbrel,release-fast-boot,E3g,329340,9432700,12353,1235300,serial
20260817T052349Z-1,8,0,whimbrel,release-fast-boot,E3g_doorbell,330132,9511900,792,79200,serial
20260817T052349Z-1,30,0,whimbrel,release-default,_start,233408,0,0,0,serial
20260817T052349Z-1,30,0,whimbrel,release-default,stamp_a,233863,45500,455,45500,serial
20260817T052349Z-1,30,0,whimbrel,release-default,stamp_b,233917,50900,54,5400,serial
20260817T052349Z-1,30,0,whimbrel,release-default,stvec,244035,1062700,10118,1011800,serial
20260817T052349Z-1,30,0,whimbrel,release-default,frame_init,548666,31525800,304631,30463100,serial
20260817T052349Z-1,30,0,whimbrel,release-default,task_init,581186,34777800,32520,3252000,serial
20260817T052349Z-1,30,0,whimbrel,release-default,page_build,593395,35998700,12209,1220900,serial
20260817T052349Z-1,30,0,whimbrel,release-default,page_verify,724511,49110300,131116,13111600,serial
20260817T052349Z-1,30,0,whimbrel,release-default,activate,727339,49393100,2828,282800,serial
20260817T052349Z-1,30,0,whimbrel,release-default,virtq_init,796801,56339300,69462,6946200,serial
20260817T052349Z-1,30,0,whimbrel,release-default,DRIVER_OK,859161,62575300,62360,6236000,serial
20260817T052349Z-1,30,0,whimbrel,release-default,first_rx,892415,65900700,33254,3325400,serial
20260817T052349Z-1,30,0,whimbrel,release-default,syn_rx,904505,67109700,12090,1209000,serial
20260817T052349Z-1,30,0,whimbrel,release-default,established,912262,67885400,7757,775700,serial
20260817T052349Z-1,30,0,whimbrel,release-default,serving_ready,921171,68776300,8909,890900,serial
20260817T052349Z-1,30,0,whimbrel,release-default,net_init_done,972481,73907300,51310,5131000,serial
20260817T052349Z-1,30,0,whimbrel,release-default,heap_init,972713,73930500,232,23200,serial
20260817T052349Z-1,30,0,whimbrel,release-default,accounting,993657,76024900,20944,2094400,serial
20260817T052349Z-1,30,0,whimbrel,release-default,freeze,994650,76124200,993,99300,serial
20260817T052349Z-1,30,0,whimbrel,release-default,sret,996817,76340900,2167,216700,serial
20260817T052349Z-1,30,0,whimbrel,release-default,E3g,1016057,78264900,19240,1924000,serial
20260817T052349Z-1,30,0,whimbrel,release-default,E3g_doorbell,1019894,78648600,3837,383700,serial
20260817T052349Z-1,16,0,whimbrel,release-default,_start,232718,0,0,0,serial
20260817T052349Z-1,16,0,whimbrel,release-default,stamp_a,233171,45300,453,45300,serial
20260817T052349Z-1,16,0,whimbrel,release-default,stamp_b,233225,50700,54,5400,serial
20260817T052349Z-1,16,0,whimbrel,release-default,stvec,243329,1061100,10104,1010400,serial
20260817T052349Z-1,16,0,whimbrel,release-default,frame_init,547807,31508900,304478,30447800,serial
20260817T052349Z-1,16,0,whimbrel,release-default,task_init,580531,34781300,32724,3272400,serial
20260817T052349Z-1,16,0,whimbrel,release-default,page_build,592439,35972100,11908,1190800,serial
20260817T052349Z-1,16,0,whimbrel,release-default,page_verify,722139,48942100,129700,12970000,serial
20260817T052349Z-1,16,0,whimbrel,release-default,activate,725033,49231500,2894,289400,serial
20260817T052349Z-1,16,0,whimbrel,release-default,virtq_init,795395,56267700,70362,7036200,serial
20260817T052349Z-1,16,0,whimbrel,release-default,DRIVER_OK,858188,62547000,62793,6279300,serial
20260817T052349Z-1,16,0,whimbrel,release-default,first_rx,891342,65862400,33154,3315400,serial
20260817T052349Z-1,16,0,whimbrel,release-default,syn_rx,903501,67078300,12159,1215900,serial
20260817T052349Z-1,16,0,whimbrel,release-default,established,911297,67857900,7796,779600,serial
20260817T052349Z-1,16,0,whimbrel,release-default,serving_ready,920233,68751500,8936,893600,serial
20260817T052349Z-1,16,0,whimbrel,release-default,net_init_done,971473,73875500,51240,5124000,serial
20260817T052349Z-1,16,0,whimbrel,release-default,heap_init,971705,73898700,232,23200,serial
20260817T052349Z-1,16,0,whimbrel,release-default,accounting,992822,76010400,21117,2111700,serial
20260817T052349Z-1,16,0,whimbrel,release-default,freeze,993821,76110300,999,99900,serial
20260817T052349Z-1,16,0,whimbrel,release-default,sret,995977,76325900,2156,215600,serial
20260817T052349Z-1,16,0,whimbrel,release-default,E3g,1014991,78227300,19014,1901400,serial
20260817T052349Z-1,16,0,whimbrel,release-default,E3g_doorbell,1018866,78614800,3875,387500,serial
20260817T052349Z-1,19,0,whimbrel,release-default,_start,232054,0,0,0,serial
20260817T052349Z-1,19,0,whimbrel,release-default,stamp_a,232503,44900,449,44900,serial
20260817T052349Z-1,19,0,whimbrel,release-default,stamp_b,232558,50400,55,5500,serial
20260817T052349Z-1,19,0,whimbrel,release-default,stvec,242690,1063600,10132,1013200,serial
20260817T052349Z-1,19,0,whimbrel,release-default,frame_init,547820,31576600,305130,30513000,serial
20260817T052349Z-1,19,0,whimbrel,release-default,task_init,580825,34877100,33005,3300500,serial
20260817T052349Z-1,19,0,whimbrel,release-default,page_build,593019,36096500,12194,1219400,serial
20260817T052349Z-1,19,0,whimbrel,release-default,page_verify,725224,49317000,132205,13220500,serial
20260817T052349Z-1,19,0,whimbrel,release-default,activate,728123,49606900,2899,289900,serial
20260817T052349Z-1,19,0,whimbrel,release-default,virtq_init,798090,56603600,69967,6996700,serial
20260817T052349Z-1,19,0,whimbrel,release-default,DRIVER_OK,860684,62863000,62594,6259400,serial
20260817T052349Z-1,19,0,whimbrel,release-default,first_rx,894209,66215500,33525,3352500,serial
20260817T052349Z-1,19,0,whimbrel,release-default,syn_rx,906517,67446300,12308,1230800,serial
20260817T052349Z-1,19,0,whimbrel,release-default,established,914394,68234000,7877,787700,serial
20260817T052349Z-1,19,0,whimbrel,release-default,serving_ready,923415,69136100,9021,902100,serial
20260817T052349Z-1,19,0,whimbrel,release-default,net_init_done,975534,74348000,52119,5211900,serial
20260817T052349Z-1,19,0,whimbrel,release-default,heap_init,975772,74371800,238,23800,serial
20260817T052349Z-1,19,0,whimbrel,release-default,accounting,997257,76520300,21485,2148500,serial
20260817T052349Z-1,19,0,whimbrel,release-default,freeze,998270,76621600,1013,101300,serial
20260817T052349Z-1,19,0,whimbrel,release-default,sret,1000622,76856800,2352,235200,serial
20260817T052349Z-1,19,0,whimbrel,release-default,E3g,1019940,78788600,19318,1931800,serial
20260817T052349Z-1,19,0,whimbrel,release-default,E3g_doorbell,1023773,79171900,3833,383300,serial
20260817T052349Z-1,26,0,whimbrel,release-default,_start,232188,0,0,0,serial
20260817T052349Z-1,26,0,whimbrel,release-default,stamp_a,232648,46000,460,46000,serial
20260817T052349Z-1,26,0,whimbrel,release-default,stamp_b,232735,54700,87,8700,serial
20260817T052349Z-1,26,0,whimbrel,release-default,stvec,242787,1059900,10052,1005200,serial
20260817T052349Z-1,26,0,whimbrel,release-default,frame_init,547341,31515300,304554,30455400,serial
20260817T052349Z-1,26,0,whimbrel,release-default,task_init,579950,34776200,32609,3260900,serial
20260817T052349Z-1,26,0,whimbrel,release-default,page_build,592196,36000800,12246,1224600,serial
20260817T052349Z-1,26,0,whimbrel,release-default,page_verify,722951,49076300,130755,13075500,serial
20260817T052349Z-1,26,0,whimbrel,release-default,activate,725819,49363100,2868,286800,serial
20260817T052349Z-1,26,0,whimbrel,release-default,virtq_init,794687,56249900,68868,6886800,serial
20260817T052349Z-1,26,0,whimbrel,release-default,DRIVER_OK,856323,62413500,61636,6163600,serial
20260817T052349Z-1,26,0,whimbrel,release-default,first_rx,889549,65736100,33226,3322600,serial
20260817T052349Z-1,26,0,whimbrel,release-default,syn_rx,901663,66947500,12114,1211400,serial
20260817T052349Z-1,26,0,whimbrel,release-default,established,909396,67720800,7733,773300,serial
20260817T052349Z-1,26,0,whimbrel,release-default,serving_ready,918307,68611900,8911,891100,serial
20260817T052349Z-1,26,0,whimbrel,release-default,net_init_done,968864,73667600,50557,5055700,serial
20260817T052349Z-1,26,0,whimbrel,release-default,heap_init,969102,73691400,238,23800,serial
20260817T052349Z-1,26,0,whimbrel,release-default,accounting,989994,75780600,20892,2089200,serial
20260817T052349Z-1,26,0,whimbrel,release-default,freeze,990987,75879900,993,99300,serial
20260817T052349Z-1,26,0,whimbrel,release-default,sret,993170,76098200,2183,218300,serial
20260817T052349Z-1,26,0,whimbrel,release-default,E3g,1012288,78010000,19118,1911800,serial
20260817T052349Z-1,26,0,whimbrel,release-default,E3g_doorbell,1016118,78393000,3830,383000,serial
20260817T052349Z-1,26,0,whimbrel,release-fast-boot,_start,233256,0,0,0,serial
20260817T052349Z-1,26,0,whimbrel,release-fast-boot,stamp_a,233698,44200,442,44200,serial
20260817T052349Z-1,26,0,whimbrel,release-fast-boot,stamp_b,233753,49700,55,5500,serial
20260817T052349Z-1,26,0,whimbrel,release-fast-boot,stvec,236285,302900,2532,253200,serial
20260817T052349Z-1,26,0,whimbrel,release-fast-boot,frame_init,237687,443100,1402,140200,serial
20260817T052349Z-1,26,0,whimbrel,release-fast-boot,task_init,243563,1030700,5876,587600,serial
20260817T052349Z-1,26,0,whimbrel,release-fast-boot,page_build,258080,2482400,14517,1451700,serial
20260817T052349Z-1,26,0,whimbrel,release-fast-boot,page_verify,282103,4884700,24023,2402300,serial
20260817T052349Z-1,26,0,whimbrel,release-fast-boot,activate,282993,4973700,890,89000,serial
20260817T052349Z-1,26,0,whimbrel,release-fast-boot,virtq_init,291507,5825100,8514,851400,serial
20260817T052349Z-1,26,0,whimbrel,release-fast-boot,DRIVER_OK,296962,6370600,5455,545500,serial
20260817T052349Z-1,26,0,whimbrel,release-fast-boot,first_rx,300088,6683200,3126,312600,serial
20260817T052349Z-1,26,0,whimbrel,release-fast-boot,syn_rx,302928,6967200,2840,284000,serial
20260817T052349Z-1,26,0,whimbrel,release-fast-boot,established,305586,7233000,2658,265800,serial
20260817T052349Z-1,26,0,whimbrel,release-fast-boot,serving_ready,309102,7584600,3516,351600,serial
20260817T052349Z-1,26,0,whimbrel,release-fast-boot,net_init_done,311930,7867400,2828,282800,serial
20260817T052349Z-1,26,0,whimbrel,release-fast-boot,heap_init,312194,7893800,264,26400,serial
20260817T052349Z-1,26,0,whimbrel,release-fast-boot,accounting,312444,7918800,250,25000,serial
20260817T052349Z-1,26,0,whimbrel,release-fast-boot,freeze,312518,7926200,74,7400,serial
20260817T052349Z-1,26,0,whimbrel,release-fast-boot,sret,312708,7945200,190,19000,serial
20260817T052349Z-1,26,0,whimbrel,release-fast-boot,E3g,325111,9185500,12403,1240300,serial
20260817T052349Z-1,26,0,whimbrel,release-fast-boot,E3g_doorbell,325910,9265400,799,79900,serial
20260817T052349Z-1,19,0,whimbrel,release-fast-boot,_start,233183,0,0,0,serial
20260817T052349Z-1,19,0,whimbrel,release-fast-boot,stamp_a,233623,44000,440,44000,serial
20260817T052349Z-1,19,0,whimbrel,release-fast-boot,stamp_b,233677,49400,54,5400,serial
20260817T052349Z-1,19,0,whimbrel,release-fast-boot,stvec,236195,301200,2518,251800,serial
20260817T052349Z-1,19,0,whimbrel,release-fast-boot,frame_init,237644,446100,1449,144900,serial
20260817T052349Z-1,19,0,whimbrel,release-fast-boot,task_init,243516,1033300,5872,587200,serial
20260817T052349Z-1,19,0,whimbrel,release-fast-boot,page_build,258067,2488400,14551,1455100,serial
20260817T052349Z-1,19,0,whimbrel,release-fast-boot,page_verify,281845,4866200,23778,2377800,serial
20260817T052349Z-1,19,0,whimbrel,release-fast-boot,activate,282691,4950800,846,84600,serial
20260817T052349Z-1,19,0,whimbrel,release-fast-boot,virtq_init,291015,5783200,8324,832400,serial
20260817T052349Z-1,19,0,whimbrel,release-fast-boot,DRIVER_OK,296409,6322600,5394,539400,serial
20260817T052349Z-1,19,0,whimbrel,release-fast-boot,first_rx,299504,6632100,3095,309500,serial
20260817T052349Z-1,19,0,whimbrel,release-fast-boot,syn_rx,302305,6912200,2801,280100,serial
20260817T052349Z-1,19,0,whimbrel,release-fast-boot,established,304941,7175800,2636,263600,serial
20260817T052349Z-1,19,0,whimbrel,release-fast-boot,serving_ready,308508,7532500,3567,356700,serial
20260817T052349Z-1,19,0,whimbrel,release-fast-boot,net_init_done,311339,7815600,2831,283100,serial
20260817T052349Z-1,19,0,whimbrel,release-fast-boot,heap_init,311554,7837100,215,21500,serial
20260817T052349Z-1,19,0,whimbrel,release-fast-boot,accounting,311798,7861500,244,24400,serial
20260817T052349Z-1,19,0,whimbrel,release-fast-boot,freeze,311870,7868700,72,7200,serial
20260817T052349Z-1,19,0,whimbrel,release-fast-boot,sret,312054,7887100,184,18400,serial
20260817T052349Z-1,19,0,whimbrel,release-fast-boot,E3g,324217,9103400,12163,1216300,serial
20260817T052349Z-1,19,0,whimbrel,release-fast-boot,E3g_doorbell,325067,9188400,850,85000,serial
20260817T052349Z-1,25,0,whimbrel,release-fast-boot,_start,232498,0,0,0,serial
20260817T052349Z-1,25,0,whimbrel,release-fast-boot,stamp_a,232934,43600,436,43600,serial
20260817T052349Z-1,25,0,whimbrel,release-fast-boot,stamp_b,232988,49000,54,5400,serial
20260817T052349Z-1,25,0,whimbrel,release-fast-boot,stvec,235535,303700,2547,254700,serial
20260817T052349Z-1,25,0,whimbrel,release-fast-boot,frame_init,236915,441700,1380,138000,serial
20260817T052349Z-1,25,0,whimbrel,release-fast-boot,task_init,242619,1012100,5704,570400,serial
20260817T052349Z-1,25,0,whimbrel,release-fast-boot,page_build,257044,2454600,14425,1442500,serial
20260817T052349Z-1,25,0,whimbrel,release-fast-boot,page_verify,285749,5325100,28705,2870500,serial
20260817T052349Z-1,25,0,whimbrel,release-fast-boot,activate,286577,5407900,828,82800,serial
20260817T052349Z-1,25,0,whimbrel,release-fast-boot,virtq_init,294807,6230900,8230,823000,serial
20260817T052349Z-1,25,0,whimbrel,release-fast-boot,DRIVER_OK,300033,6753500,5226,522600,serial
20260817T052349Z-1,25,0,whimbrel,release-fast-boot,first_rx,303043,7054500,3010,301000,serial
20260817T052349Z-1,25,0,whimbrel,release-fast-boot,syn_rx,305800,7330200,2757,275700,serial
20260817T052349Z-1,25,0,whimbrel,release-fast-boot,established,308428,7593000,2628,262800,serial
20260817T052349Z-1,25,0,whimbrel,release-fast-boot,serving_ready,311924,7942600,3496,349600,serial
20260817T052349Z-1,25,0,whimbrel,release-fast-boot,net_init_done,314767,8226900,2843,284300,serial
20260817T052349Z-1,25,0,whimbrel,release-fast-boot,heap_init,314986,8248800,219,21900,serial
20260817T052349Z-1,25,0,whimbrel,release-fast-boot,accounting,315233,8273500,247,24700,serial
20260817T052349Z-1,25,0,whimbrel,release-fast-boot,freeze,315305,8280700,72,7200,serial
20260817T052349Z-1,25,0,whimbrel,release-fast-boot,sret,315493,8299500,188,18800,serial
20260817T052349Z-1,25,0,whimbrel,release-fast-boot,E3g,327827,9532900,12334,1233400,serial
20260817T052349Z-1,25,0,whimbrel,release-fast-boot,E3g_doorbell,328608,9611000,781,78100,serial
20260817T052349Z-1,27,0,whimbrel,release-fast-boot,_start,234345,0,0,0,serial
20260817T052349Z-1,27,0,whimbrel,release-fast-boot,stamp_a,234786,44100,441,44100,serial
20260817T052349Z-1,27,0,whimbrel,release-fast-boot,stamp_b,234841,49600,55,5500,serial
20260817T052349Z-1,27,0,whimbrel,release-fast-boot,stvec,237432,308700,2591,259100,serial
20260817T052349Z-1,27,0,whimbrel,release-fast-boot,frame_init,238839,449400,1407,140700,serial
20260817T052349Z-1,27,0,whimbrel,release-fast-boot,task_init,244628,1028300,5789,578900,serial
20260817T052349Z-1,27,0,whimbrel,release-fast-boot,page_build,259260,2491500,14632,1463200,serial
20260817T052349Z-1,27,0,whimbrel,release-fast-boot,page_verify,283095,4875000,23835,2383500,serial
20260817T052349Z-1,27,0,whimbrel,release-fast-boot,activate,283954,4960900,859,85900,serial
20260817T052349Z-1,27,0,whimbrel,release-fast-boot,virtq_init,292457,5811200,8503,850300,serial
20260817T052349Z-1,27,0,whimbrel,release-fast-boot,DRIVER_OK,297973,6362800,5516,551600,serial
20260817T052349Z-1,27,0,whimbrel,release-fast-boot,first_rx,301087,6674200,3114,311400,serial
20260817T052349Z-1,27,0,whimbrel,release-fast-boot,syn_rx,303971,6962600,2884,288400,serial
20260817T052349Z-1,27,0,whimbrel,release-fast-boot,established,306623,7227800,2652,265200,serial
20260817T052349Z-1,27,0,whimbrel,release-fast-boot,serving_ready,310285,7594000,3662,366200,serial
20260817T052349Z-1,27,0,whimbrel,release-fast-boot,net_init_done,313082,7873700,2797,279700,serial
20260817T052349Z-1,27,0,whimbrel,release-fast-boot,heap_init,313305,7896000,223,22300,serial
20260817T052349Z-1,27,0,whimbrel,release-fast-boot,accounting,313559,7921400,254,25400,serial
20260817T052349Z-1,27,0,whimbrel,release-fast-boot,freeze,313632,7928700,73,7300,serial
20260817T052349Z-1,27,0,whimbrel,release-fast-boot,sret,313821,7947600,189,18900,serial
20260817T052349Z-1,27,0,whimbrel,release-fast-boot,E3g,326331,9198600,12510,1251000,serial
20260817T052349Z-1,27,0,whimbrel,release-fast-boot,E3g_doorbell,327153,9280800,822,82200,serial
20260817T052349Z-1,15,0,whimbrel,release-default,_start,234951,0,0,0,serial
20260817T052349Z-1,15,0,whimbrel,release-default,stamp_a,235403,45200,452,45200,serial
20260817T052349Z-1,15,0,whimbrel,release-default,stamp_b,235459,50800,56,5600,serial
20260817T052349Z-1,15,0,whimbrel,release-default,stvec,245652,1070100,10193,1019300,serial
20260817T052349Z-1,15,0,whimbrel,release-default,frame_init,550355,31540400,304703,30470300,serial
20260817T052349Z-1,15,0,whimbrel,release-default,task_init,583118,34816700,32763,3276300,serial
20260817T052349Z-1,15,0,whimbrel,release-default,page_build,595382,36043100,12264,1226400,serial
20260817T052349Z-1,15,0,whimbrel,release-default,page_verify,726892,49194100,131510,13151000,serial
20260817T052349Z-1,15,0,whimbrel,release-default,activate,729806,49485500,2914,291400,serial
20260817T052349Z-1,15,0,whimbrel,release-default,virtq_init,800153,56520200,70347,7034700,serial
20260817T052349Z-1,15,0,whimbrel,release-default,DRIVER_OK,863108,62815700,62955,6295500,serial
20260817T052349Z-1,15,0,whimbrel,release-default,first_rx,896896,66194500,33788,3378800,serial
20260817T052349Z-1,15,0,whimbrel,release-default,syn_rx,909118,67416700,12222,1222200,serial
20260817T052349Z-1,15,0,whimbrel,release-default,established,916960,68200900,7842,784200,serial
20260817T052349Z-1,15,0,whimbrel,release-default,serving_ready,925971,69102000,9011,901100,serial
20260817T052349Z-1,15,0,whimbrel,release-default,net_init_done,977723,74277200,51752,5175200,serial
20260817T052349Z-1,15,0,whimbrel,release-default,heap_init,977957,74300600,234,23400,serial
20260817T052349Z-1,15,0,whimbrel,release-default,accounting,999181,76423000,21224,2122400,serial
20260817T052349Z-1,15,0,whimbrel,release-default,freeze,1000186,76523500,1005,100500,serial
20260817T052349Z-1,15,0,whimbrel,release-default,sret,1002376,76742500,2190,219000,serial
20260817T052349Z-1,15,0,whimbrel,release-default,E3g,1021754,78680300,19378,1937800,serial
20260817T052349Z-1,15,0,whimbrel,release-default,E3g_doorbell,1025672,79072100,3918,391800,serial
20260817T052349Z-1,23,0,whimbrel,release-default,_start,232428,0,0,0,serial
20260817T052349Z-1,23,0,whimbrel,release-default,stamp_a,232881,45300,453,45300,serial
20260817T052349Z-1,23,0,whimbrel,release-default,stamp_b,232936,50800,55,5500,serial
20260817T052349Z-1,23,0,whimbrel,release-default,stvec,243094,1066600,10158,1015800,serial
20260817T052349Z-1,23,0,whimbrel,release-default,frame_init,547884,31545600,304790,30479000,serial
20260817T052349Z-1,23,0,whimbrel,release-default,task_init,581080,34865200,33196,3319600,serial
20260817T052349Z-1,23,0,whimbrel,release-default,page_build,593416,36098800,12336,1233600,serial
20260817T052349Z-1,23,0,whimbrel,release-default,page_verify,725244,49281600,131828,13182800,serial
20260817T052349Z-1,23,0,whimbrel,release-default,activate,728172,49574400,2928,292800,serial
20260817T052349Z-1,23,0,whimbrel,release-default,virtq_init,798428,56600000,70256,7025600,serial
20260817T052349Z-1,23,0,whimbrel,release-default,DRIVER_OK,861711,62928300,63283,6328300,serial
20260817T052349Z-1,23,0,whimbrel,release-default,first_rx,895398,66297000,33687,3368700,serial
20260817T052349Z-1,23,0,whimbrel,release-default,syn_rx,907659,67523100,12261,1226100,serial
20260817T052349Z-1,23,0,whimbrel,release-default,established,915410,68298200,7751,775100,serial
20260817T052349Z-1,23,0,whimbrel,release-default,serving_ready,924310,69188200,8900,890000,serial
20260817T052349Z-1,23,0,whimbrel,release-default,net_init_done,975675,74324700,51365,5136500,serial
20260817T052349Z-1,23,0,whimbrel,release-default,heap_init,975911,74348300,236,23600,serial
20260817T052349Z-1,23,0,whimbrel,release-default,accounting,997050,76462200,21139,2113900,serial
20260817T052349Z-1,23,0,whimbrel,release-default,freeze,998054,76562600,1004,100400,serial
20260817T052349Z-1,23,0,whimbrel,release-default,sret,1000269,76784100,2215,221500,serial
20260817T052349Z-1,23,0,whimbrel,release-default,E3g,1019408,78698000,19139,1913900,serial
20260817T052349Z-1,23,0,whimbrel,release-default,E3g_doorbell,1023252,79082400,3844,384400,serial
20260817T052349Z-1,17,0,whimbrel,release-fast-boot,_start,236396,0,0,0,serial
20260817T052349Z-1,17,0,whimbrel,release-fast-boot,stamp_a,236842,44600,446,44600,serial
20260817T052349Z-1,17,0,whimbrel,release-fast-boot,stamp_b,236898,50200,56,5600,serial
20260817T052349Z-1,17,0,whimbrel,release-fast-boot,stvec,239456,306000,2558,255800,serial
20260817T052349Z-1,17,0,whimbrel,release-fast-boot,frame_init,240910,451400,1454,145400,serial
20260817T052349Z-1,17,0,whimbrel,release-fast-boot,task_init,246751,1035500,5841,584100,serial
20260817T052349Z-1,17,0,whimbrel,release-fast-boot,page_build,261226,2483000,14475,1447500,serial
20260817T052349Z-1,17,0,whimbrel,release-fast-boot,page_verify,285109,4871300,23883,2388300,serial
20260817T052349Z-1,17,0,whimbrel,release-fast-boot,activate,285970,4957400,861,86100,serial
20260817T052349Z-1,17,0,whimbrel,release-fast-boot,virtq_init,294549,5815300,8579,857900,serial
20260817T052349Z-1,17,0,whimbrel,release-fast-boot,DRIVER_OK,300008,6361200,5459,545900,serial
20260817T052349Z-1,17,0,whimbrel,release-fast-boot,first_rx,303214,6681800,3206,320600,serial
20260817T052349Z-1,17,0,whimbrel,release-fast-boot,syn_rx,306045,6964900,2831,283100,serial
20260817T052349Z-1,17,0,whimbrel,release-fast-boot,established,308721,7232500,2676,267600,serial
20260817T052349Z-1,17,0,whimbrel,release-fast-boot,serving_ready,312398,7600200,3677,367700,serial
20260817T052349Z-1,17,0,whimbrel,release-fast-boot,net_init_done,315217,7882100,2819,281900,serial
20260817T052349Z-1,17,0,whimbrel,release-fast-boot,heap_init,315439,7904300,222,22200,serial
20260817T052349Z-1,17,0,whimbrel,release-fast-boot,accounting,315690,7929400,251,25100,serial
20260817T052349Z-1,17,0,whimbrel,release-fast-boot,freeze,315763,7936700,73,7300,serial
20260817T052349Z-1,17,0,whimbrel,release-fast-boot,sret,315952,7955600,189,18900,serial
20260817T052349Z-1,17,0,whimbrel,release-fast-boot,E3g,328414,9201800,12462,1246200,serial
20260817T052349Z-1,17,0,whimbrel,release-fast-boot,E3g_doorbell,329211,9281500,797,79700,serial
20260817T052349Z-1,6,0,whimbrel,release-fast-boot,_start,233636,0,0,0,serial
20260817T052349Z-1,6,0,whimbrel,release-fast-boot,stamp_a,234083,44700,447,44700,serial
20260817T052349Z-1,6,0,whimbrel,release-fast-boot,stamp_b,234139,50300,56,5600,serial
20260817T052349Z-1,6,0,whimbrel,release-fast-boot,stvec,236746,311000,2607,260700,serial
20260817T052349Z-1,6,0,whimbrel,release-fast-boot,frame_init,238180,454400,1434,143400,serial
20260817T052349Z-1,6,0,whimbrel,release-fast-boot,task_init,244019,1038300,5839,583900,serial
20260817T052349Z-1,6,0,whimbrel,release-fast-boot,page_build,258555,2491900,14536,1453600,serial
20260817T052349Z-1,6,0,whimbrel,release-fast-boot,page_verify,282623,4898700,24068,2406800,serial
20260817T052349Z-1,6,0,whimbrel,release-fast-boot,activate,283529,4989300,906,90600,serial
20260817T052349Z-1,6,0,whimbrel,release-fast-boot,virtq_init,292131,5849500,8602,860200,serial
20260817T052349Z-1,6,0,whimbrel,release-fast-boot,DRIVER_OK,297662,6402600,5531,553100,serial
20260817T052349Z-1,6,0,whimbrel,release-fast-boot,first_rx,300841,6720500,3179,317900,serial
20260817T052349Z-1,6,0,whimbrel,release-fast-boot,syn_rx,303595,6995900,2754,275400,serial
20260817T052349Z-1,6,0,whimbrel,release-fast-boot,established,306279,7264300,2684,268400,serial
20260817T052349Z-1,6,0,whimbrel,release-fast-boot,serving_ready,309900,7626400,3621,362100,serial
20260817T052349Z-1,6,0,whimbrel,release-fast-boot,net_init_done,312625,7898900,2725,272500,serial
20260817T052349Z-1,6,0,whimbrel,release-fast-boot,heap_init,312847,7921100,222,22200,serial
20260817T052349Z-1,6,0,whimbrel,release-fast-boot,accounting,313096,7946000,249,24900,serial
20260817T052349Z-1,6,0,whimbrel,release-fast-boot,freeze,313168,7953200,72,7200,serial
20260817T052349Z-1,6,0,whimbrel,release-fast-boot,sret,313355,7971900,187,18700,serial
20260817T052349Z-1,6,0,whimbrel,release-fast-boot,E3g,325720,9208400,12365,1236500,serial
20260817T052349Z-1,6,0,whimbrel,release-fast-boot,E3g_doorbell,326515,9287900,795,79500,serial
20260817T052349Z-1,21,0,whimbrel,release-fast-boot,_start,234361,0,0,0,serial
20260817T052349Z-1,21,0,whimbrel,release-fast-boot,stamp_a,234801,44000,440,44000,serial
20260817T052349Z-1,21,0,whimbrel,release-fast-boot,stamp_b,234856,49500,55,5500,serial
20260817T052349Z-1,21,0,whimbrel,release-fast-boot,stvec,237441,308000,2585,258500,serial
20260817T052349Z-1,21,0,whimbrel,release-fast-boot,frame_init,238853,449200,1412,141200,serial
20260817T052349Z-1,21,0,whimbrel,release-fast-boot,task_init,244686,1032500,5833,583300,serial
20260817T052349Z-1,21,0,whimbrel,release-fast-boot,page_build,259455,2509400,14769,1476900,serial
20260817T052349Z-1,21,0,whimbrel,release-fast-boot,page_verify,283503,4914200,24048,2404800,serial
20260817T052349Z-1,21,0,whimbrel,release-fast-boot,activate,284360,4999900,857,85700,serial
20260817T052349Z-1,21,0,whimbrel,release-fast-boot,virtq_init,292858,5849700,8498,849800,serial
20260817T052349Z-1,21,0,whimbrel,release-fast-boot,DRIVER_OK,298320,6395900,5462,546200,serial
20260817T052349Z-1,21,0,whimbrel,release-fast-boot,first_rx,301439,6707800,3119,311900,serial
20260817T052349Z-1,21,0,whimbrel,release-fast-boot,syn_rx,304243,6988200,2804,280400,serial
20260817T052349Z-1,21,0,whimbrel,release-fast-boot,established,306938,7257700,2695,269500,serial
20260817T052349Z-1,21,0,whimbrel,release-fast-boot,serving_ready,310465,7610400,3527,352700,serial
20260817T052349Z-1,21,0,whimbrel,release-fast-boot,net_init_done,313262,7890100,2797,279700,serial
20260817T052349Z-1,21,0,whimbrel,release-fast-boot,heap_init,313482,7912100,220,22000,serial
20260817T052349Z-1,21,0,whimbrel,release-fast-boot,accounting,313730,7936900,248,24800,serial
20260817T052349Z-1,21,0,whimbrel,release-fast-boot,freeze,313803,7944200,73,7300,serial
20260817T052349Z-1,21,0,whimbrel,release-fast-boot,sret,313993,7963200,190,19000,serial
20260817T052349Z-1,21,0,whimbrel,release-fast-boot,E3g,326465,9210400,12472,1247200,serial
20260817T052349Z-1,21,0,whimbrel,release-fast-boot,E3g_doorbell,327261,9290000,796,79600,serial
20260817T052349Z-1,18,0,whimbrel,release-default,_start,235068,0,0,0,serial
20260817T052349Z-1,18,0,whimbrel,release-default,stamp_a,235523,45500,455,45500,serial
20260817T052349Z-1,18,0,whimbrel,release-default,stamp_b,235579,51100,56,5600,serial
20260817T052349Z-1,18,0,whimbrel,release-default,stvec,245870,1080200,10291,1029100,serial
20260817T052349Z-1,18,0,whimbrel,release-default,frame_init,550457,31538900,304587,30458700,serial
20260817T052349Z-1,18,0,whimbrel,release-default,task_init,582795,34772700,32338,3233800,serial
20260817T052349Z-1,18,0,whimbrel,release-default,page_build,595152,36008400,12357,1235700,serial
20260817T052349Z-1,18,0,whimbrel,release-default,page_verify,727277,49220900,132125,13212500,serial
20260817T052349Z-1,18,0,whimbrel,release-default,activate,730214,49514600,2937,293700,serial
20260817T052349Z-1,18,0,whimbrel,release-default,virtq_init,800033,56496500,69819,6981900,serial
20260817T052349Z-1,18,0,whimbrel,release-default,DRIVER_OK,862709,62764100,62676,6267600,serial
20260817T052349Z-1,18,0,whimbrel,release-default,first_rx,896596,66152800,33887,3388700,serial
20260817T052349Z-1,18,0,whimbrel,release-default,syn_rx,908885,67381700,12289,1228900,serial
20260817T052349Z-1,18,0,whimbrel,release-default,established,916697,68162900,7812,781200,serial
20260817T052349Z-1,18,0,whimbrel,release-default,serving_ready,925677,69060900,8980,898000,serial
20260817T052349Z-1,18,0,whimbrel,release-default,net_init_done,976981,74191300,51304,5130400,serial
20260817T052349Z-1,18,0,whimbrel,release-default,heap_init,977221,74215300,240,24000,serial
20260817T052349Z-1,18,0,whimbrel,release-default,accounting,998430,76336200,21209,2120900,serial
20260817T052349Z-1,18,0,whimbrel,release-default,freeze,999441,76437300,1011,101100,serial
20260817T052349Z-1,18,0,whimbrel,release-default,sret,1001625,76655700,2184,218400,serial
20260817T052349Z-1,18,0,whimbrel,release-default,E3g,1020873,78580500,19248,1924800,serial
20260817T052349Z-1,18,0,whimbrel,release-default,E3g_doorbell,1024716,78964800,3843,384300,serial
20260817T052349Z-1,28,0,whimbrel,release-default,_start,234113,0,0,0,serial
20260817T052349Z-1,28,0,whimbrel,release-default,stamp_a,234565,45200,452,45200,serial
20260817T052349Z-1,28,0,whimbrel,release-default,stamp_b,234619,50600,54,5400,serial
20260817T052349Z-1,28,0,whimbrel,release-default,stvec,244707,1059400,10088,1008800,serial
20260817T052349Z-1,28,0,whimbrel,release-default,frame_init,549156,31504300,304449,30444900,serial
20260817T052349Z-1,28,0,whimbrel,release-default,task_init,582150,34803700,32994,3299400,serial
20260817T052349Z-1,28,0,whimbrel,release-default,page_build,594359,36024600,12209,1220900,serial
20260817T052349Z-1,28,0,whimbrel,release-default,page_verify,726085,49197200,131726,13172600,serial
20260817T052349Z-1,28,0,whimbrel,release-default,activate,728897,49478400,2812,281200,serial
20260817T052349Z-1,28,0,whimbrel,release-default,virtq_init,798542,56442900,69645,6964500,serial
20260817T052349Z-1,28,0,whimbrel,release-default,DRIVER_OK,861109,62699600,62567,6256700,serial
20260817T052349Z-1,28,0,whimbrel,release-default,first_rx,894627,66051400,33518,3351800,serial
20260817T052349Z-1,28,0,whimbrel,release-default,syn_rx,906818,67270500,12191,1219100,serial
20260817T052349Z-1,28,0,whimbrel,release-default,established,921657,68754400,14839,1483900,serial
20260817T052349Z-1,28,0,whimbrel,release-default,serving_ready,930754,69664100,9097,909700,serial
20260817T052349Z-1,28,0,whimbrel,release-default,net_init_done,982680,74856700,51926,5192600,serial
20260817T052349Z-1,28,0,whimbrel,release-default,heap_init,982917,74880400,237,23700,serial
20260817T052349Z-1,28,0,whimbrel,release-default,accounting,1004079,76996600,21162,2116200,serial
20260817T052349Z-1,28,0,whimbrel,release-default,freeze,1005085,77097200,1006,100600,serial
20260817T052349Z-1,28,0,whimbrel,release-default,sret,1007310,77319700,2225,222500,serial
20260817T052349Z-1,28,0,whimbrel,release-default,E3g,1026564,79245100,19254,1925400,serial
20260817T052349Z-1,28,0,whimbrel,release-default,E3g_doorbell,1030419,79630600,3855,385500,serial
20260817T052349Z-1,24,0,whimbrel,release-default,_start,231562,0,0,0,serial
20260817T052349Z-1,24,0,whimbrel,release-default,stamp_a,232012,45000,450,45000,serial
20260817T052349Z-1,24,0,whimbrel,release-default,stamp_b,232066,50400,54,5400,serial
20260817T052349Z-1,24,0,whimbrel,release-default,stvec,242199,1063700,10133,1013300,serial
20260817T052349Z-1,24,0,whimbrel,release-default,frame_init,546001,31443900,303802,30380200,serial
20260817T052349Z-1,24,0,whimbrel,release-default,task_init,579405,34784300,33404,3340400,serial
20260817T052349Z-1,24,0,whimbrel,release-default,page_build,591638,36007600,12233,1223300,serial
20260817T052349Z-1,24,0,whimbrel,release-default,page_verify,723060,49149800,131422,13142200,serial
20260817T052349Z-1,24,0,whimbrel,release-default,activate,725897,49433500,2837,283700,serial
20260817T052349Z-1,24,0,whimbrel,release-default,virtq_init,794871,56330900,68974,6897400,serial
20260817T052349Z-1,24,0,whimbrel,release-default,DRIVER_OK,856799,62523700,61928,6192800,serial
20260817T052349Z-1,24,0,whimbrel,release-default,first_rx,889931,65836900,33132,3313200,serial
20260817T052349Z-1,24,0,whimbrel,release-default,syn_rx,902032,67047000,12101,1210100,serial
20260817T052349Z-1,24,0,whimbrel,release-default,established,909657,67809500,7625,762500,serial
20260817T052349Z-1,24,0,whimbrel,release-default,serving_ready,918489,68692700,8832,883200,serial
20260817T052349Z-1,24,0,whimbrel,release-default,net_init_done,969763,73820100,51274,5127400,serial
20260817T052349Z-1,24,0,whimbrel,release-default,heap_init,969995,73843300,232,23200,serial
20260817T052349Z-1,24,0,whimbrel,release-default,accounting,990735,75917300,20740,2074000,serial
20260817T052349Z-1,24,0,whimbrel,release-default,freeze,991715,76015300,980,98000,serial
20260817T052349Z-1,24,0,whimbrel,release-default,sret,993843,76228100,2128,212800,serial
20260817T052349Z-1,24,0,whimbrel,release-default,E3g,1012620,78105800,18777,1877700,serial
20260817T052349Z-1,24,0,whimbrel,release-default,E3g_doorbell,1016249,78468700,3629,362900,serial
20260817T052349Z-1,12,0,whimbrel,release-fast-boot,_start,233626,0,0,0,serial
20260817T052349Z-1,12,0,whimbrel,release-fast-boot,stamp_a,234067,44100,441,44100,serial
20260817T052349Z-1,12,0,whimbrel,release-fast-boot,stamp_b,234123,49700,56,5600,serial
20260817T052349Z-1,12,0,whimbrel,release-fast-boot,stvec,236650,302400,2527,252700,serial
20260817T052349Z-1,12,0,whimbrel,release-fast-boot,frame_init,238061,443500,1411,141100,serial
20260817T052349Z-1,12,0,whimbrel,release-fast-boot,task_init,243895,1026900,5834,583400,serial
20260817T052349Z-1,12,0,whimbrel,release-fast-boot,page_build,258363,2473700,14468,1446800,serial
20260817T052349Z-1,12,0,whimbrel,release-fast-boot,page_verify,282550,4892400,24187,2418700,serial
20260817T052349Z-1,12,0,whimbrel,release-fast-boot,activate,283427,4980100,877,87700,serial
20260817T052349Z-1,12,0,whimbrel,release-fast-boot,virtq_init,291786,5816000,8359,835900,serial
20260817T052349Z-1,12,0,whimbrel,release-fast-boot,DRIVER_OK,297229,6360300,5443,544300,serial
20260817T052349Z-1,12,0,whimbrel,release-fast-boot,first_rx,300317,6669100,3088,308800,serial
20260817T052349Z-1,12,0,whimbrel,release-fast-boot,syn_rx,303149,6952300,2832,283200,serial
20260817T052349Z-1,12,0,whimbrel,release-fast-boot,established,305856,7223000,2707,270700,serial
20260817T052349Z-1,12,0,whimbrel,release-fast-boot,serving_ready,309365,7573900,3509,350900,serial
20260817T052349Z-1,12,0,whimbrel,release-fast-boot,net_init_done,312229,7860300,2864,286400,serial
20260817T052349Z-1,12,0,whimbrel,release-fast-boot,heap_init,312450,7882400,221,22100,serial
20260817T052349Z-1,12,0,whimbrel,release-fast-boot,accounting,312701,7907500,251,25100,serial
20260817T052349Z-1,12,0,whimbrel,release-fast-boot,freeze,312773,7914700,72,7200,serial
20260817T052349Z-1,12,0,whimbrel,release-fast-boot,sret,312962,7933600,189,18900,serial
20260817T052349Z-1,12,0,whimbrel,release-fast-boot,E3g,325396,9177000,12434,1243400,serial
20260817T052349Z-1,12,0,whimbrel,release-fast-boot,E3g_doorbell,326179,9255300,783,78300,serial
20260817T052349Z-1,13,0,whimbrel,release-default,_start,234921,0,0,0,serial
20260817T052349Z-1,13,0,whimbrel,release-default,stamp_a,235375,45400,454,45400,serial
20260817T052349Z-1,13,0,whimbrel,release-default,stamp_b,235429,50800,54,5400,serial
20260817T052349Z-1,13,0,whimbrel,release-default,stvec,245637,1071600,10208,1020800,serial
20260817T052349Z-1,13,0,whimbrel,release-default,frame_init,550166,31524500,304529,30452900,serial
20260817T052349Z-1,13,0,whimbrel,release-default,task_init,583261,34834000,33095,3309500,serial
20260817T052349Z-1,13,0,whimbrel,release-default,page_build,595755,36083400,12494,1249400,serial
20260817T052349Z-1,13,0,whimbrel,release-default,page_verify,727154,49223300,131399,13139900,serial
20260817T052349Z-1,13,0,whimbrel,release-default,activate,730084,49516300,2930,293000,serial
20260817T052349Z-1,13,0,whimbrel,release-default,virtq_init,799305,56438400,69221,6922100,serial
20260817T052349Z-1,13,0,whimbrel,release-default,DRIVER_OK,861389,62646800,62084,6208400,serial
20260817T052349Z-1,13,0,whimbrel,release-default,first_rx,894829,65990800,33440,3344000,serial
20260817T052349Z-1,13,0,whimbrel,release-default,syn_rx,906988,67206700,12159,1215900,serial
20260817T052349Z-1,13,0,whimbrel,release-default,established,914781,67986000,7793,779300,serial
20260817T052349Z-1,13,0,whimbrel,release-default,serving_ready,923738,68881700,8957,895700,serial
20260817T052349Z-1,13,0,whimbrel,release-default,net_init_done,975403,74048200,51665,5166500,serial
20260817T052349Z-1,13,0,whimbrel,release-default,heap_init,975637,74071600,234,23400,serial
20260817T052349Z-1,13,0,whimbrel,release-default,accounting,996695,76177400,21058,2105800,serial
20260817T052349Z-1,13,0,whimbrel,release-default,freeze,997700,76277900,1005,100500,serial
20260817T052349Z-1,13,0,whimbrel,release-default,sret,999875,76495400,2175,217500,serial
20260817T052349Z-1,13,0,whimbrel,release-default,E3g,1018839,78391800,18964,1896400,serial
20260817T052349Z-1,13,0,whimbrel,release-default,E3g_doorbell,1022624,78770300,3785,378500,serial
20260817T052349Z-1,8,0,whimbrel,release-default,_start,233595,0,0,0,serial
20260817T052349Z-1,8,0,whimbrel,release-default,stamp_a,234047,45200,452,45200,serial
20260817T052349Z-1,8,0,whimbrel,release-default,stamp_b,234101,50600,54,5400,serial
20260817T052349Z-1,8,0,whimbrel,release-default,stvec,244267,1067200,10166,1016600,serial
20260817T052349Z-1,8,0,whimbrel,release-default,frame_init,548835,31524000,304568,30456800,serial
20260817T052349Z-1,8,0,whimbrel,release-default,task_init,582170,34857500,33335,3333500,serial
20260817T052349Z-1,8,0,whimbrel,release-default,page_build,594014,36041900,11844,1184400,serial
20260817T052349Z-1,8,0,whimbrel,release-default,page_verify,724277,49068200,130263,13026300,serial
20260817T052349Z-1,8,0,whimbrel,release-default,activate,727229,49363400,2952,295200,serial
20260817T052349Z-1,8,0,whimbrel,release-default,virtq_init,797165,56357000,69936,6993600,serial
20260817T052349Z-1,8,0,whimbrel,release-default,DRIVER_OK,859379,62578400,62214,6221400,serial
20260817T052349Z-1,8,0,whimbrel,release-default,first_rx,892663,65906800,33284,3328400,serial
20260817T052349Z-1,8,0,whimbrel,release-default,syn_rx,904829,67123400,12166,1216600,serial
20260817T052349Z-1,8,0,whimbrel,release-default,established,912587,67899200,7758,775800,serial
20260817T052349Z-1,8,0,whimbrel,release-default,serving_ready,921522,68792700,8935,893500,serial
20260817T052349Z-1,8,0,whimbrel,release-default,net_init_done,973119,73952400,51597,5159700,serial
20260817T052349Z-1,8,0,whimbrel,release-default,heap_init,973352,73975700,233,23300,serial
20260817T052349Z-1,8,0,whimbrel,release-default,accounting,994376,76078100,21024,2102400,serial
20260817T052349Z-1,8,0,whimbrel,release-default,freeze,995372,76177700,996,99600,serial
20260817T052349Z-1,8,0,whimbrel,release-default,sret,997621,76402600,2249,224900,serial
20260817T052349Z-1,8,0,whimbrel,release-default,E3g,1016663,78306800,19042,1904200,serial
20260817T052349Z-1,8,0,whimbrel,release-default,E3g_doorbell,1020440,78684500,3777,377700,serial
20260817T052349Z-1,22,0,whimbrel,release-default,_start,231977,0,0,0,serial
20260817T052349Z-1,22,0,whimbrel,release-default,stamp_a,232429,45200,452,45200,serial
20260817T052349Z-1,22,0,whimbrel,release-default,stamp_b,232483,50600,54,5400,serial
20260817T052349Z-1,22,0,whimbrel,release-default,stvec,242611,1063400,10128,1012800,serial
20260817T052349Z-1,22,0,whimbrel,release-default,frame_init,547064,31508700,304453,30445300,serial
20260817T052349Z-1,22,0,whimbrel,release-default,task_init,580989,34901200,33925,3392500,serial
20260817T052349Z-1,22,0,whimbrel,release-default,page_build,593245,36126800,12256,1225600,serial
20260817T052349Z-1,22,0,whimbrel,release-default,page_verify,724569,49259200,131324,13132400,serial
20260817T052349Z-1,22,0,whimbrel,release-default,activate,727451,49547400,2882,288200,serial
20260817T052349Z-1,22,0,whimbrel,release-default,virtq_init,797082,56510500,69631,6963100,serial
20260817T052349Z-1,22,0,whimbrel,release-default,DRIVER_OK,859406,62742900,62324,6232400,serial
20260817T052349Z-1,22,0,whimbrel,release-default,first_rx,892867,66089000,33461,3346100,serial
20260817T052349Z-1,22,0,whimbrel,release-default,syn_rx,904993,67301600,12126,1212600,serial
20260817T052349Z-1,22,0,whimbrel,release-default,established,912785,68080800,7792,779200,serial
20260817T052349Z-1,22,0,whimbrel,release-default,serving_ready,921713,68973600,8928,892800,serial
20260817T052349Z-1,22,0,whimbrel,release-default,net_init_done,973177,74120000,51464,5146400,serial
20260817T052349Z-1,22,0,whimbrel,release-default,heap_init,973409,74143200,232,23200,serial
20260817T052349Z-1,22,0,whimbrel,release-default,accounting,994474,76249700,21065,2106500,serial
20260817T052349Z-1,22,0,whimbrel,release-default,freeze,995474,76349700,1000,100000,serial
20260817T052349Z-1,22,0,whimbrel,release-default,sret,997632,76565500,2158,215800,serial
20260817T052349Z-1,22,0,whimbrel,release-default,E3g,1016762,78478500,19130,1913000,serial
20260817T052349Z-1,22,0,whimbrel,release-default,E3g_doorbell,1020678,78870100,3916,391600,serial
20260817T052349Z-1,6,0,whimbrel,release-default,_start,234233,0,0,0,serial
20260817T052349Z-1,6,0,whimbrel,release-default,stamp_a,234685,45200,452,45200,serial
20260817T052349Z-1,6,0,whimbrel,release-default,stamp_b,234739,50600,54,5400,serial
20260817T052349Z-1,6,0,whimbrel,release-default,stvec,245045,1081200,10306,1030600,serial
20260817T052349Z-1,6,0,whimbrel,release-default,frame_init,548701,31446800,303656,30365600,serial
20260817T052349Z-1,6,0,whimbrel,release-default,task_init,581840,34760700,33139,3313900,serial
20260817T052349Z-1,6,0,whimbrel,release-default,page_build,594082,35984900,12242,1224200,serial
20260817T052349Z-1,6,0,whimbrel,release-default,page_verify,726504,49227100,132422,13242200,serial
20260817T052349Z-1,6,0,whimbrel,release-default,activate,729314,49508100,2810,281000,serial
20260817T052349Z-1,6,0,whimbrel,release-default,virtq_init,798952,56471900,69638,6963800,serial
20260817T052349Z-1,6,0,whimbrel,release-default,DRIVER_OK,861224,62699100,62272,6227200,serial
20260817T052349Z-1,6,0,whimbrel,release-default,first_rx,894572,66033900,33348,3334800,serial
20260817T052349Z-1,6,0,whimbrel,release-default,syn_rx,906866,67263300,12294,1229400,serial
20260817T052349Z-1,6,0,whimbrel,release-default,established,914588,68035500,7722,772200,serial
20260817T052349Z-1,6,0,whimbrel,release-default,serving_ready,923557,68932400,8969,896900,serial
20260817T052349Z-1,6,0,whimbrel,release-default,net_init_done,975215,74098200,51658,5165800,serial
20260817T052349Z-1,6,0,whimbrel,release-default,heap_init,975448,74121500,233,23300,serial
20260817T052349Z-1,6,0,whimbrel,release-default,accounting,996569,76233600,21121,2112100,serial
20260817T052349Z-1,6,0,whimbrel,release-default,freeze,997587,76335400,1018,101800,serial
20260817T052349Z-1,6,0,whimbrel,release-default,sret,999779,76554600,2192,219200,serial
20260817T052349Z-1,6,0,whimbrel,release-default,E3g,1018821,78458800,19042,1904200,serial
20260817T052349Z-1,6,0,whimbrel,release-default,E3g_doorbell,1022458,78822500,3637,363700,serial
20260817T052349Z-1,31,0,whimbrel,release-default,_start,233799,0,0,0,serial
20260817T052349Z-1,31,0,whimbrel,release-default,stamp_a,234298,49900,499,49900,serial
20260817T052349Z-1,31,0,whimbrel,release-default,stamp_b,234353,55400,55,5500,serial
20260817T052349Z-1,31,0,whimbrel,release-default,stvec,244602,1080300,10249,1024900,serial
20260817T052349Z-1,31,0,whimbrel,release-default,frame_init,550121,31632200,305519,30551900,serial
20260817T052349Z-1,31,0,whimbrel,release-default,task_init,582540,34874100,32419,3241900,serial
20260817T052349Z-1,31,0,whimbrel,release-default,page_build,594708,36090900,12168,1216800,serial
20260817T052349Z-1,31,0,whimbrel,release-default,page_verify,725578,49177900,130870,13087000,serial
20260817T052349Z-1,31,0,whimbrel,release-default,activate,728436,49463700,2858,285800,serial
20260817T052349Z-1,31,0,whimbrel,release-default,virtq_init,798630,56483100,70194,7019400,serial
20260817T052349Z-1,31,0,whimbrel,release-default,DRIVER_OK,862208,62840900,63578,6357800,serial
20260817T052349Z-1,31,0,whimbrel,release-default,first_rx,895539,66174000,33331,3333100,serial
20260817T052349Z-1,31,0,whimbrel,release-default,syn_rx,907591,67379200,12052,1205200,serial
20260817T052349Z-1,31,0,whimbrel,release-default,established,915293,68149400,7702,770200,serial
20260817T052349Z-1,31,0,whimbrel,release-default,serving_ready,924145,69034600,8852,885200,serial
20260817T052349Z-1,31,0,whimbrel,release-default,net_init_done,975329,74153000,51184,5118400,serial
20260817T052349Z-1,31,0,whimbrel,release-default,heap_init,975560,74176100,231,23100,serial
20260817T052349Z-1,31,0,whimbrel,release-default,accounting,996562,76276300,21002,2100200,serial
20260817T052349Z-1,31,0,whimbrel,release-default,freeze,997561,76376200,999,99900,serial
20260817T052349Z-1,31,0,whimbrel,release-default,sret,999724,76592500,2163,216300,serial
20260817T052349Z-1,31,0,whimbrel,release-default,E3g,1018682,78488300,18958,1895800,serial
20260817T052349Z-1,31,0,whimbrel,release-default,E3g_doorbell,1022479,78868000,3797,379700,serial
20260817T052349Z-1,11,0,whimbrel,release-default,_start,234603,0,0,0,serial
20260817T052349Z-1,11,0,whimbrel,release-default,stamp_a,235058,45500,455,45500,serial
20260817T052349Z-1,11,0,whimbrel,release-default,stamp_b,235113,51000,55,5500,serial
20260817T052349Z-1,11,0,whimbrel,release-default,stvec,245356,1075300,10243,1024300,serial
20260817T052349Z-1,11,0,whimbrel,release-default,frame_init,549104,31450100,303748,30374800,serial
20260817T052349Z-1,11,0,whimbrel,release-default,task_init,582434,34783100,33330,3333000,serial
20260817T052349Z-1,11,0,whimbrel,release-default,page_build,594684,36008100,12250,1225000,serial
20260817T052349Z-1,11,0,whimbrel,release-default,page_verify,725740,49113700,131056,13105600,serial
20260817T052349Z-1,11,0,whimbrel,release-default,activate,728536,49393300,2796,279600,serial
20260817T052349Z-1,11,0,whimbrel,release-default,virtq_init,798158,56355500,69622,6962200,serial
20260817T052349Z-1,11,0,whimbrel,release-default,DRIVER_OK,860485,62588200,62327,6232700,serial
20260817T052349Z-1,11,0,whimbrel,release-default,first_rx,893785,65918200,33300,3330000,serial
20260817T052349Z-1,11,0,whimbrel,release-default,syn_rx,905875,67127200,12090,1209000,serial
20260817T052349Z-1,11,0,whimbrel,release-default,established,913477,67887400,7602,760200,serial
20260817T052349Z-1,11,0,whimbrel,release-default,serving_ready,922300,68769700,8823,882300,serial
20260817T052349Z-1,11,0,whimbrel,release-default,net_init_done,973073,73847000,50773,5077300,serial
20260817T052349Z-1,11,0,whimbrel,release-default,heap_init,973308,73870500,235,23500,serial
20260817T052349Z-1,11,0,whimbrel,release-default,accounting,994251,75964800,20943,2094300,serial
20260817T052349Z-1,11,0,whimbrel,release-default,freeze,995248,76064500,997,99700,serial
20260817T052349Z-1,11,0,whimbrel,release-default,sret,997398,76279500,2150,215000,serial
20260817T052349Z-1,11,0,whimbrel,release-default,E3g,1016397,78179400,18999,1899900,serial
20260817T052349Z-1,11,0,whimbrel,release-default,E3g_doorbell,1020015,78541200,3618,361800,serial
20260817T052349Z-1,4,0,whimbrel,release-default,_start,235664,0,0,0,serial
20260817T052349Z-1,4,0,whimbrel,release-default,stamp_a,236118,45400,454,45400,serial
20260817T052349Z-1,4,0,whimbrel,release-default,stamp_b,236174,51000,56,5600,serial
20260817T052349Z-1,4,0,whimbrel,release-default,stvec,246439,1077500,10265,1026500,serial
20260817T052349Z-1,4,0,whimbrel,release-default,frame_init,550088,31442400,303649,30364900,serial
20260817T052349Z-1,4,0,whimbrel,release-default,task_init,582771,34710700,32683,3268300,serial
20260817T052349Z-1,4,0,whimbrel,release-default,page_build,595012,35934800,12241,1224100,serial
20260817T052349Z-1,4,0,whimbrel,release-default,page_verify,727765,49210100,132753,13275300,serial
20260817T052349Z-1,4,0,whimbrel,release-default,activate,730528,49486400,2763,276300,serial
20260817T052349Z-1,4,0,whimbrel,release-default,virtq_init,800774,56511000,70246,7024600,serial
20260817T052349Z-1,4,0,whimbrel,release-default,DRIVER_OK,863948,62828400,63174,6317400,serial
20260817T052349Z-1,4,0,whimbrel,release-default,first_rx,897396,66173200,33448,3344800,serial
20260817T052349Z-1,4,0,whimbrel,release-default,syn_rx,909811,67414700,12415,1241500,serial
20260817T052349Z-1,4,0,whimbrel,release-default,established,917633,68196900,7822,782200,serial
20260817T052349Z-1,4,0,whimbrel,release-default,serving_ready,926682,69101800,9049,904900,serial
20260817T052349Z-1,4,0,whimbrel,release-default,net_init_done,979266,74360200,52584,5258400,serial
20260817T052349Z-1,4,0,whimbrel,release-default,heap_init,979501,74383700,235,23500,serial
20260817T052349Z-1,4,0,whimbrel,release-default,accounting,1000922,76525800,21421,2142100,serial
20260817T052349Z-1,4,0,whimbrel,release-default,freeze,1001982,76631800,1060,106000,serial
20260817T052349Z-1,4,0,whimbrel,release-default,sret,1004189,76852500,2207,220700,serial
20260817T052349Z-1,4,0,whimbrel,release-default,E3g,1023165,78750100,18976,1897600,serial
20260817T052349Z-1,4,0,whimbrel,release-default,E3g_doorbell,1026843,79117900,3678,367800,serial
20260817T052349Z-1,5,0,whimbrel,release-default,_start,232464,0,0,0,serial
20260817T052349Z-1,5,0,whimbrel,release-default,stamp_a,232916,45200,452,45200,serial
20260817T052349Z-1,5,0,whimbrel,release-default,stamp_b,232968,50400,52,5200,serial
20260817T052349Z-1,5,0,whimbrel,release-default,stvec,242988,1052400,10020,1002000,serial
20260817T052349Z-1,5,0,whimbrel,release-default,frame_init,547872,31540800,304884,30488400,serial
20260817T052349Z-1,5,0,whimbrel,release-default,task_init,580966,34850200,33094,3309400,serial
20260817T052349Z-1,5,0,whimbrel,release-default,page_build,593009,36054500,12043,1204300,serial
20260817T052349Z-1,5,0,whimbrel,release-default,page_verify,723665,49120100,130656,13065600,serial
20260817T052349Z-1,5,0,whimbrel,release-default,activate,726646,49418200,2981,298100,serial
20260817T052349Z-1,5,0,whimbrel,release-default,virtq_init,795735,56327100,69089,6908900,serial
20260817T052349Z-1,5,0,whimbrel,release-default,DRIVER_OK,857364,62490000,61629,6162900,serial
20260817T052349Z-1,5,0,whimbrel,release-default,first_rx,890697,65823300,33333,3333300,serial
20260817T052349Z-1,5,0,whimbrel,release-default,syn_rx,902686,67022200,11989,1198900,serial
20260817T052349Z-1,5,0,whimbrel,release-default,established,910353,67788900,7667,766700,serial
20260817T052349Z-1,5,0,whimbrel,release-default,serving_ready,919217,68675300,8864,886400,serial
20260817T052349Z-1,5,0,whimbrel,release-default,net_init_done,969761,73729700,50544,5054400,serial
20260817T052349Z-1,5,0,whimbrel,release-default,heap_init,969995,73753100,234,23400,serial
20260817T052349Z-1,5,0,whimbrel,release-default,accounting,990725,75826100,20730,2073000,serial
20260817T052349Z-1,5,0,whimbrel,release-default,freeze,991711,75924700,986,98600,serial
20260817T052349Z-1,5,0,whimbrel,release-default,sret,993835,76137100,2124,212400,serial
20260817T052349Z-1,5,0,whimbrel,release-default,E3g,1012931,78046700,19096,1909600,serial
20260817T052349Z-1,5,0,whimbrel,release-default,E3g_doorbell,1016804,78434000,3873,387300,serial
20260817T052349Z-1,11,0,whimbrel,release-fast-boot,_start,233567,0,0,0,serial
20260817T052349Z-1,11,0,whimbrel,release-fast-boot,stamp_a,234007,44000,440,44000,serial
20260817T052349Z-1,11,0,whimbrel,release-fast-boot,stamp_b,234062,49500,55,5500,serial
20260817T052349Z-1,11,0,whimbrel,release-fast-boot,stvec,236603,303600,2541,254100,serial
20260817T052349Z-1,11,0,whimbrel,release-fast-boot,frame_init,238017,445000,1414,141400,serial
20260817T052349Z-1,11,0,whimbrel,release-fast-boot,task_init,243807,1024000,5790,579000,serial
20260817T052349Z-1,11,0,whimbrel,release-fast-boot,page_build,258279,2471200,14472,1447200,serial
20260817T052349Z-1,11,0,whimbrel,release-fast-boot,page_verify,282189,4862200,23910,2391000,serial
20260817T052349Z-1,11,0,whimbrel,release-fast-boot,activate,283075,4950800,886,88600,serial
20260817T052349Z-1,11,0,whimbrel,release-fast-boot,virtq_init,291520,5795300,8445,844500,serial
20260817T052349Z-1,11,0,whimbrel,release-fast-boot,DRIVER_OK,296981,6341400,5461,546100,serial
20260817T052349Z-1,11,0,whimbrel,release-fast-boot,first_rx,300088,6652100,3107,310700,serial
20260817T052349Z-1,11,0,whimbrel,release-fast-boot,syn_rx,302915,6934800,2827,282700,serial
20260817T052349Z-1,11,0,whimbrel,release-fast-boot,established,305651,7208400,2736,273600,serial
20260817T052349Z-1,11,0,whimbrel,release-fast-boot,serving_ready,309249,7568200,3598,359800,serial
20260817T052349Z-1,11,0,whimbrel,release-fast-boot,net_init_done,312051,7848400,2802,280200,serial
20260817T052349Z-1,11,0,whimbrel,release-fast-boot,heap_init,312272,7870500,221,22100,serial
20260817T052349Z-1,11,0,whimbrel,release-fast-boot,accounting,312521,7895400,249,24900,serial
20260817T052349Z-1,11,0,whimbrel,release-fast-boot,freeze,312594,7902700,73,7300,serial
20260817T052349Z-1,11,0,whimbrel,release-fast-boot,sret,312781,7921400,187,18700,serial
20260817T052349Z-1,11,0,whimbrel,release-fast-boot,E3g,325234,9166700,12453,1245300,serial
20260817T052349Z-1,11,0,whimbrel,release-fast-boot,E3g_doorbell,326014,9244700,780,78000,serial
20260817T052349Z-1,27,0,whimbrel,release-default,_start,234769,0,0,0,serial
20260817T052349Z-1,27,0,whimbrel,release-default,stamp_a,235227,45800,458,45800,serial
20260817T052349Z-1,27,0,whimbrel,release-default,stamp_b,235283,51400,56,5600,serial
20260817T052349Z-1,27,0,whimbrel,release-default,stvec,245503,1073400,10220,1022000,serial
20260817T052349Z-1,27,0,whimbrel,release-default,frame_init,553024,31825500,307521,30752100,serial
20260817T052349Z-1,27,0,whimbrel,release-default,task_init,585090,35032100,32066,3206600,serial
20260817T052349Z-1,27,0,whimbrel,release-default,page_build,597335,36256600,12245,1224500,serial
20260817T052349Z-1,27,0,whimbrel,release-default,page_verify,728848,49407900,131513,13151300,serial
20260817T052349Z-1,27,0,whimbrel,release-default,activate,731746,49697700,2898,289800,serial
20260817T052349Z-1,27,0,whimbrel,release-default,virtq_init,801326,56655700,69580,6958000,serial
20260817T052349Z-1,27,0,whimbrel,release-default,DRIVER_OK,863854,62908500,62528,6252800,serial
20260817T052349Z-1,27,0,whimbrel,release-default,first_rx,897319,66255000,33465,3346500,serial
20260817T052349Z-1,27,0,whimbrel,release-default,syn_rx,909505,67473600,12186,1218600,serial
20260817T052349Z-1,27,0,whimbrel,release-default,established,917269,68250000,7764,776400,serial
20260817T052349Z-1,27,0,whimbrel,release-default,serving_ready,926268,69149900,8999,899900,serial
20260817T052349Z-1,27,0,whimbrel,release-default,net_init_done,977888,74311900,51620,5162000,serial
20260817T052349Z-1,27,0,whimbrel,release-default,heap_init,978124,74335500,236,23600,serial
20260817T052349Z-1,27,0,whimbrel,release-default,accounting,999272,76450300,21148,2114800,serial
20260817T052349Z-1,27,0,whimbrel,release-default,freeze,1000310,76554100,1038,103800,serial
20260817T052349Z-1,27,0,whimbrel,release-default,sret,1002486,76771700,2176,217600,serial
20260817T052349Z-1,27,0,whimbrel,release-default,E3g,1021545,78677600,19059,1905900,serial
20260817T052349Z-1,27,0,whimbrel,release-default,E3g_doorbell,1025365,79059600,3820,382000,serial
20260817T052349Z-2,1,1,whimbrel,release-default,_start,234115,0,0,0,serial
20260817T052349Z-2,1,1,whimbrel,release-default,stamp_a,234569,45400,454,45400,serial
20260817T052349Z-2,1,1,whimbrel,release-default,stamp_b,234623,50800,54,5400,serial
20260817T052349Z-2,1,1,whimbrel,release-default,stvec,244800,1068500,10177,1017700,serial
20260817T052349Z-2,1,1,whimbrel,release-default,frame_init,550076,31596100,305276,30527600,serial
20260817T052349Z-2,1,1,whimbrel,release-default,task_init,584052,34993700,33976,3397600,serial
20260817T052349Z-2,1,1,whimbrel,release-default,page_build,596385,36227000,12333,1233300,serial
20260817T052349Z-2,1,1,whimbrel,release-default,page_verify,727992,49387700,131607,13160700,serial
20260817T052349Z-2,1,1,whimbrel,release-default,activate,730907,49679200,2915,291500,serial
20260817T052349Z-2,1,1,whimbrel,release-default,virtq_init,800878,56676300,69971,6997100,serial
20260817T052349Z-2,1,1,whimbrel,release-default,DRIVER_OK,863255,62914000,62377,6237700,serial
20260817T052349Z-2,1,1,whimbrel,release-default,first_rx,896965,66285000,33710,3371000,serial
20260817T052349Z-2,1,1,whimbrel,release-default,syn_rx,909059,67494400,12094,1209400,serial
20260817T052349Z-2,1,1,whimbrel,release-default,established,916742,68262700,7683,768300,serial
20260817T052349Z-2,1,1,whimbrel,release-default,serving_ready,925722,69160700,8980,898000,serial
20260817T052349Z-2,1,1,whimbrel,release-default,net_init_done,977317,74320200,51595,5159500,serial
20260817T052349Z-2,1,1,whimbrel,release-default,heap_init,977551,74343600,234,23400,serial
20260817T052349Z-2,1,1,whimbrel,release-default,accounting,998699,76458400,21148,2114800,serial
20260817T052349Z-2,1,1,whimbrel,release-default,freeze,999697,76558200,998,99800,serial
20260817T052349Z-2,1,1,whimbrel,release-default,sret,1001851,76773600,2154,215400,serial
20260817T052349Z-2,1,1,whimbrel,release-default,E3g,1020920,78680500,19069,1906900,serial
20260817T052349Z-2,1,1,whimbrel,release-default,E3g_doorbell,1024756,79064100,3836,383600,serial
20260817T052349Z-2,1,1,whimbrel,release-fast-boot,_start,239201,0,0,0,serial
20260817T052349Z-2,1,1,whimbrel,release-fast-boot,stamp_a,239644,44300,443,44300,serial
20260817T052349Z-2,1,1,whimbrel,release-fast-boot,stamp_b,239699,49800,55,5500,serial
20260817T052349Z-2,1,1,whimbrel,release-fast-boot,stvec,242235,303400,2536,253600,serial
20260817T052349Z-2,1,1,whimbrel,release-fast-boot,frame_init,243646,444500,1411,141100,serial
20260817T052349Z-2,1,1,whimbrel,release-fast-boot,task_init,249460,1025900,5814,581400,serial
20260817T052349Z-2,1,1,whimbrel,release-fast-boot,page_build,264080,2487900,14620,1462000,serial
20260817T052349Z-2,1,1,whimbrel,release-fast-boot,page_verify,288292,4909100,24212,2421200,serial
20260817T052349Z-2,1,1,whimbrel,release-fast-boot,activate,289163,4996200,871,87100,serial
20260817T052349Z-2,1,1,whimbrel,release-fast-boot,virtq_init,297700,5849900,8537,853700,serial
20260817T052349Z-2,1,1,whimbrel,release-fast-boot,DRIVER_OK,303168,6396700,5468,546800,serial
20260817T052349Z-2,1,1,whimbrel,release-fast-boot,first_rx,306289,6708800,3121,312100,serial
20260817T052349Z-2,1,1,whimbrel,release-fast-boot,syn_rx,309097,6989600,2808,280800,serial
20260817T052349Z-2,1,1,whimbrel,release-fast-boot,established,311805,7260400,2708,270800,serial
20260817T052349Z-2,1,1,whimbrel,release-fast-boot,serving_ready,315320,7611900,3515,351500,serial
20260817T052349Z-2,1,1,whimbrel,release-fast-boot,net_init_done,318198,7899700,2878,287800,serial
20260817T052349Z-2,1,1,whimbrel,release-fast-boot,heap_init,318421,7922000,223,22300,serial
20260817T052349Z-2,1,1,whimbrel,release-fast-boot,accounting,318671,7947000,250,25000,serial
20260817T052349Z-2,1,1,whimbrel,release-fast-boot,freeze,318746,7954500,75,7500,serial
20260817T052349Z-2,1,1,whimbrel,release-fast-boot,sret,318935,7973400,189,18900,serial
20260817T052349Z-2,1,1,whimbrel,release-fast-boot,E3g,331439,9223800,12504,1250400,serial
20260817T052349Z-2,1,1,whimbrel,release-fast-boot,E3g_doorbell,332230,9302900,791,79100,serial
20260817T052349Z-2,2,1,whimbrel,release-default,_start,231963,0,0,0,serial
20260817T052349Z-2,2,1,whimbrel,release-default,stamp_a,232412,44900,449,44900,serial
20260817T052349Z-2,2,1,whimbrel,release-default,stamp_b,232465,50200,53,5300,serial
20260817T052349Z-2,2,1,whimbrel,release-default,stvec,242539,1057600,10074,1007400,serial
20260817T052349Z-2,2,1,whimbrel,release-default,frame_init,546238,31427500,303699,30369900,serial
20260817T052349Z-2,2,1,whimbrel,release-default,task_init,579010,34704700,32772,3277200,serial
20260817T052349Z-2,2,1,whimbrel,release-default,page_build,591108,35914500,12098,1209800,serial
20260817T052349Z-2,2,1,whimbrel,release-default,page_verify,721627,48966400,130519,13051900,serial
20260817T052349Z-2,2,1,whimbrel,release-default,activate,724383,49242000,2756,275600,serial
20260817T052349Z-2,2,1,whimbrel,release-default,virtq_init,793782,56181900,69399,6939900,serial
20260817T052349Z-2,2,1,whimbrel,release-default,DRIVER_OK,855425,62346200,61643,6164300,serial
20260817T052349Z-2,2,1,whimbrel,release-default,first_rx,888368,65640500,32943,3294300,serial
20260817T052349Z-2,2,1,whimbrel,release-default,syn_rx,900309,66834600,11941,1194100,serial
20260817T052349Z-2,2,1,whimbrel,release-default,established,907927,67596400,7618,761800,serial
20260817T052349Z-2,2,1,whimbrel,release-default,serving_ready,916698,68473500,8771,877100,serial
20260817T052349Z-2,2,1,whimbrel,release-default,net_init_done,967359,73539600,50661,5066100,serial
20260817T052349Z-2,2,1,whimbrel,release-default,heap_init,967590,73562700,231,23100,serial
20260817T052349Z-2,2,1,whimbrel,release-default,accounting,988197,75623400,20607,2060700,serial
20260817T052349Z-2,2,1,whimbrel,release-default,freeze,989188,75722500,991,99100,serial
20260817T052349Z-2,2,1,whimbrel,release-default,sret,991334,75937100,2146,214600,serial
20260817T052349Z-2,2,1,whimbrel,release-default,E3g,1010061,77809800,18727,1872700,serial
20260817T052349Z-2,2,1,whimbrel,release-default,E3g_doorbell,1013680,78171700,3619,361900,serial
20260817T052349Z-2,2,1,whimbrel,release-fast-boot,_start,233379,0,0,0,serial
20260817T052349Z-2,2,1,whimbrel,release-fast-boot,stamp_a,233820,44100,441,44100,serial
20260817T052349Z-2,2,1,whimbrel,release-fast-boot,stamp_b,233875,49600,55,5500,serial
20260817T052349Z-2,2,1,whimbrel,release-fast-boot,stvec,236439,306000,2564,256400,serial
20260817T052349Z-2,2,1,whimbrel,release-fast-boot,frame_init,237837,445800,1398,139800,serial
20260817T052349Z-2,2,1,whimbrel,release-fast-boot,task_init,243659,1028000,5822,582200,serial
20260817T052349Z-2,2,1,whimbrel,release-fast-boot,page_build,258276,2489700,14617,1461700,serial
20260817T052349Z-2,2,1,whimbrel,release-fast-boot,page_verify,282141,4876200,23865,2386500,serial
20260817T052349Z-2,2,1,whimbrel,release-fast-boot,activate,283050,4967100,909,90900,serial
20260817T052349Z-2,2,1,whimbrel,release-fast-boot,virtq_init,291545,5816600,8495,849500,serial
20260817T052349Z-2,2,1,whimbrel,release-fast-boot,DRIVER_OK,297103,6372400,5558,555800,serial
20260817T052349Z-2,2,1,whimbrel,release-fast-boot,first_rx,300220,6684100,3117,311700,serial
20260817T052349Z-2,2,1,whimbrel,release-fast-boot,syn_rx,303113,6973400,2893,289300,serial
20260817T052349Z-2,2,1,whimbrel,release-fast-boot,established,305753,7237400,2640,264000,serial
20260817T052349Z-2,2,1,whimbrel,release-fast-boot,serving_ready,309325,7594600,3572,357200,serial
20260817T052349Z-2,2,1,whimbrel,release-fast-boot,net_init_done,312130,7875100,2805,280500,serial
20260817T052349Z-2,2,1,whimbrel,release-fast-boot,heap_init,312347,7896800,217,21700,serial
20260817T052349Z-2,2,1,whimbrel,release-fast-boot,accounting,312593,7921400,246,24600,serial
20260817T052349Z-2,2,1,whimbrel,release-fast-boot,freeze,312679,7930000,86,8600,serial
20260817T052349Z-2,2,1,whimbrel,release-fast-boot,sret,312890,7951100,211,21100,serial
20260817T052349Z-2,2,1,whimbrel,release-fast-boot,E3g,325170,9179100,12280,1228000,serial
20260817T052349Z-2,2,1,whimbrel,release-fast-boot,E3g_doorbell,325969,9259000,799,79900,serial
20260817T052349Z-2,3,1,whimbrel,release-default,_start,234198,0,0,0,serial
20260817T052349Z-2,3,1,whimbrel,release-default,stamp_a,234653,45500,455,45500,serial
20260817T052349Z-2,3,1,whimbrel,release-default,stamp_b,234707,50900,54,5400,serial
20260817T052349Z-2,3,1,whimbrel,release-default,stvec,244821,1062300,10114,1011400,serial
20260817T052349Z-2,3,1,whimbrel,release-default,frame_init,548531,31433300,303710,30371000,serial
20260817T052349Z-2,3,1,whimbrel,release-default,task_init,581693,34749500,33162,3316200,serial
20260817T052349Z-2,3,1,whimbrel,release-default,page_build,593833,35963500,12140,1214000,serial
20260817T052349Z-2,3,1,whimbrel,release-default,page_verify,724041,48984300,130208,13020800,serial
20260817T052349Z-2,3,1,whimbrel,release-default,activate,726882,49268400,2841,284100,serial
20260817T052349Z-2,3,1,whimbrel,release-default,virtq_init,796054,56185600,69172,6917200,serial
20260817T052349Z-2,3,1,whimbrel,release-default,DRIVER_OK,857652,62345400,61598,6159800,serial
20260817T052349Z-2,3,1,whimbrel,release-default,first_rx,890462,65626400,32810,3281000,serial
20260817T052349Z-2,3,1,whimbrel,release-default,syn_rx,902482,66828400,12020,1202000,serial
20260817T052349Z-2,3,1,whimbrel,release-default,established,910070,67587200,7588,758800,serial
20260817T052349Z-2,3,1,whimbrel,release-default,serving_ready,918907,68470900,8837,883700,serial
20260817T052349Z-2,3,1,whimbrel,release-default,net_init_done,969432,73523400,50525,5052500,serial
20260817T052349Z-2,3,1,whimbrel,release-default,heap_init,969670,73547200,238,23800,serial
20260817T052349Z-2,3,1,whimbrel,release-default,accounting,990469,75627100,20799,2079900,serial
20260817T052349Z-2,3,1,whimbrel,release-default,freeze,991466,75726800,997,99700,serial
20260817T052349Z-2,3,1,whimbrel,release-default,sret,993606,75940800,2140,214000,serial
20260817T052349Z-2,3,1,whimbrel,release-default,E3g,1012571,77837300,18965,1896500,serial
20260817T052349Z-2,3,1,whimbrel,release-default,E3g_doorbell,1016236,78203800,3665,366500,serial
20260817T052349Z-2,3,1,whimbrel,release-fast-boot,_start,230992,0,0,0,serial
20260817T052349Z-2,3,1,whimbrel,release-fast-boot,stamp_a,231432,44000,440,44000,serial
20260817T052349Z-2,3,1,whimbrel,release-fast-boot,stamp_b,231484,49200,52,5200,serial
20260817T052349Z-2,3,1,whimbrel,release-fast-boot,stvec,234077,308500,2593,259300,serial
20260817T052349Z-2,3,1,whimbrel,release-fast-boot,frame_init,235451,445900,1374,137400,serial
20260817T052349Z-2,3,1,whimbrel,release-fast-boot,task_init,241187,1019500,5736,573600,serial
20260817T052349Z-2,3,1,whimbrel,release-fast-boot,page_build,255637,2464500,14450,1445000,serial
20260817T052349Z-2,3,1,whimbrel,release-fast-boot,page_verify,279342,4835000,23705,2370500,serial
20260817T052349Z-2,3,1,whimbrel,release-fast-boot,activate,280170,4917800,828,82800,serial
20260817T052349Z-2,3,1,whimbrel,release-fast-boot,virtq_init,288531,5753900,8361,836100,serial
20260817T052349Z-2,3,1,whimbrel,release-fast-boot,DRIVER_OK,293891,6289900,5360,536000,serial
20260817T052349Z-2,3,1,whimbrel,release-fast-boot,first_rx,296906,6591400,3015,301500,serial
20260817T052349Z-2,3,1,whimbrel,release-fast-boot,syn_rx,299600,6860800,2694,269400,serial
20260817T052349Z-2,3,1,whimbrel,release-fast-boot,established,302277,7128500,2677,267700,serial
20260817T052349Z-2,3,1,whimbrel,release-fast-boot,serving_ready,305792,7480000,3515,351500,serial
20260817T052349Z-2,3,1,whimbrel,release-fast-boot,net_init_done,308479,7748700,2687,268700,serial
20260817T052349Z-2,3,1,whimbrel,release-fast-boot,heap_init,308697,7770500,218,21800,serial
20260817T052349Z-2,3,1,whimbrel,release-fast-boot,accounting,308942,7795000,245,24500,serial
20260817T052349Z-2,3,1,whimbrel,release-fast-boot,freeze,309014,7802200,72,7200,serial
20260817T052349Z-2,3,1,whimbrel,release-fast-boot,sret,309199,7820700,185,18500,serial
20260817T052349Z-2,3,1,whimbrel,release-fast-boot,E3g,321368,9037600,12169,1216900,serial
20260817T052349Z-2,3,1,whimbrel,release-fast-boot,E3g_doorbell,322146,9115400,778,77800,serial
20260817T052349Z-2,24,0,whimbrel,release-default,_start,232889,0,0,0,serial
20260817T052349Z-2,24,0,whimbrel,release-default,stamp_a,233341,45200,452,45200,serial
20260817T052349Z-2,24,0,whimbrel,release-default,stamp_b,233394,50500,53,5300,serial
20260817T052349Z-2,24,0,whimbrel,release-default,stvec,243441,1055200,10047,1004700,serial
20260817T052349Z-2,24,0,whimbrel,release-default,frame_init,547915,31502600,304474,30447400,serial
20260817T052349Z-2,24,0,whimbrel,release-default,task_init,580130,34724100,32215,3221500,serial
20260817T052349Z-2,24,0,whimbrel,release-default,page_build,592388,35949900,12258,1225800,serial
20260817T052349Z-2,24,0,whimbrel,release-default,page_verify,722095,48920600,129707,12970700,serial
20260817T052349Z-2,24,0,whimbrel,release-default,activate,724967,49207800,2872,287200,serial
20260817T052349Z-2,24,0,whimbrel,release-default,virtq_init,793501,56061200,68534,6853400,serial
20260817T052349Z-2,24,0,whimbrel,release-default,DRIVER_OK,854981,62209200,61480,6148000,serial
20260817T052349Z-2,24,0,whimbrel,release-default,first_rx,888402,65551300,33421,3342100,serial
20260817T052349Z-2,24,0,whimbrel,release-default,syn_rx,900457,66756800,12055,1205500,serial
20260817T052349Z-2,24,0,whimbrel,release-default,established,908209,67532000,7752,775200,serial
20260817T052349Z-2,24,0,whimbrel,release-default,serving_ready,917081,68419200,8872,887200,serial
20260817T052349Z-2,24,0,whimbrel,release-default,net_init_done,967780,73489100,50699,5069900,serial
20260817T052349Z-2,24,0,whimbrel,release-default,heap_init,968012,73512300,232,23200,serial
20260817T052349Z-2,24,0,whimbrel,release-default,accounting,988716,75582700,20704,2070400,serial
20260817T052349Z-2,24,0,whimbrel,release-default,freeze,989701,75681200,985,98500,serial
20260817T052349Z-2,24,0,whimbrel,release-default,sret,991872,75898300,2171,217100,serial
20260817T052349Z-2,24,0,whimbrel,release-default,E3g,1011001,77811200,19129,1912900,serial
20260817T052349Z-2,24,0,whimbrel,release-default,E3g_doorbell,1014783,78189400,3782,378200,serial
20260817T052349Z-2,5,0,whimbrel,release-default,_start,237528,0,0,0,serial
20260817T052349Z-2,5,0,whimbrel,release-default,stamp_a,237984,45600,456,45600,serial
20260817T052349Z-2,5,0,whimbrel,release-default,stamp_b,238038,51000,54,5400,serial
20260817T052349Z-2,5,0,whimbrel,release-default,stvec,248249,1072100,10211,1021100,serial
20260817T052349Z-2,5,0,whimbrel,release-default,frame_init,552724,31519600,304475,30447500,serial
20260817T052349Z-2,5,0,whimbrel,release-default,task_init,584944,34741600,32220,3222000,serial
20260817T052349Z-2,5,0,whimbrel,release-default,page_build,597272,35974400,12328,1232800,serial
20260817T052349Z-2,5,0,whimbrel,release-default,page_verify,728321,49079300,131049,13104900,serial
20260817T052349Z-2,5,0,whimbrel,release-default,activate,731178,49365000,2857,285700,serial
20260817T052349Z-2,5,0,whimbrel,release-default,virtq_init,800075,56254700,68897,6889700,serial
20260817T052349Z-2,5,0,whimbrel,release-default,DRIVER_OK,861470,62394200,61395,6139500,serial
20260817T052349Z-2,5,0,whimbrel,release-default,first_rx,894662,65713400,33192,3319200,serial
20260817T052349Z-2,5,0,whimbrel,release-default,syn_rx,906825,66929700,12163,1216300,serial
20260817T052349Z-2,5,0,whimbrel,release-default,established,914617,67708900,7792,779200,serial
20260817T052349Z-2,5,0,whimbrel,release-default,serving_ready,923588,68606000,8971,897100,serial
20260817T052349Z-2,5,0,whimbrel,release-default,net_init_done,975020,73749200,51432,5143200,serial
20260817T052349Z-2,5,0,whimbrel,release-default,heap_init,975255,73772700,235,23500,serial
20260817T052349Z-2,5,0,whimbrel,release-default,accounting,996298,75877000,21043,2104300,serial
20260817T052349Z-2,5,0,whimbrel,release-default,freeze,997311,75978300,1013,101300,serial
20260817T052349Z-2,5,0,whimbrel,release-default,sret,999514,76198600,2203,220300,serial
20260817T052349Z-2,5,0,whimbrel,release-default,E3g,1018713,78118500,19199,1919900,serial
20260817T052349Z-2,5,0,whimbrel,release-default,E3g_doorbell,1022497,78496900,3784,378400,serial
20260817T052349Z-2,8,0,whimbrel,release-fast-boot,_start,233484,0,0,0,serial
20260817T052349Z-2,8,0,whimbrel,release-fast-boot,stamp_a,233928,44400,444,44400,serial
20260817T052349Z-2,8,0,whimbrel,release-fast-boot,stamp_b,233983,49900,55,5500,serial
20260817T052349Z-2,8,0,whimbrel,release-fast-boot,stvec,236541,305700,2558,255800,serial
20260817T052349Z-2,8,0,whimbrel,release-fast-boot,frame_init,237952,446800,1411,141100,serial
20260817T052349Z-2,8,0,whimbrel,release-fast-boot,task_init,243709,1022500,5757,575700,serial
20260817T052349Z-2,8,0,whimbrel,release-fast-boot,page_build,258215,2473100,14506,1450600,serial
20260817T052349Z-2,8,0,whimbrel,release-fast-boot,page_verify,282079,4859500,23864,2386400,serial
20260817T052349Z-2,8,0,whimbrel,release-fast-boot,activate,282932,4944800,853,85300,serial
20260817T052349Z-2,8,0,whimbrel,release-fast-boot,virtq_init,291335,5785100,8403,840300,serial
20260817T052349Z-2,8,0,whimbrel,release-fast-boot,DRIVER_OK,296792,6330800,5457,545700,serial
20260817T052349Z-2,8,0,whimbrel,release-fast-boot,first_rx,299880,6639600,3088,308800,serial
20260817T052349Z-2,8,0,whimbrel,release-fast-boot,syn_rx,302728,6924400,2848,284800,serial
20260817T052349Z-2,8,0,whimbrel,release-fast-boot,established,305334,7185000,2606,260600,serial
20260817T052349Z-2,8,0,whimbrel,release-fast-boot,serving_ready,308874,7539000,3540,354000,serial
20260817T052349Z-2,8,0,whimbrel,release-fast-boot,net_init_done,311678,7819400,2804,280400,serial
20260817T052349Z-2,8,0,whimbrel,release-fast-boot,heap_init,311898,7841400,220,22000,serial
20260817T052349Z-2,8,0,whimbrel,release-fast-boot,accounting,312145,7866100,247,24700,serial
20260817T052349Z-2,8,0,whimbrel,release-fast-boot,freeze,312217,7873300,72,7200,serial
20260817T052349Z-2,8,0,whimbrel,release-fast-boot,sret,312405,7892100,188,18800,serial
20260817T052349Z-2,8,0,whimbrel,release-fast-boot,E3g,324676,9119200,12271,1227100,serial
20260817T052349Z-2,8,0,whimbrel,release-fast-boot,E3g_doorbell,325470,9198600,794,79400,serial
20260817T052349Z-2,20,0,whimbrel,release-default,_start,234795,0,0,0,serial
20260817T052349Z-2,20,0,whimbrel,release-default,stamp_a,235250,45500,455,45500,serial
20260817T052349Z-2,20,0,whimbrel,release-default,stamp_b,235304,50900,54,5400,serial
20260817T052349Z-2,20,0,whimbrel,release-default,stvec,245474,1067900,10170,1017000,serial
20260817T052349Z-2,20,0,whimbrel,release-default,frame_init,550029,31523400,304555,30455500,serial
20260817T052349Z-2,20,0,whimbrel,release-default,task_init,583611,34881600,33582,3358200,serial
20260817T052349Z-2,20,0,whimbrel,release-default,page_build,596021,36122600,12410,1241000,serial
20260817T052349Z-2,20,0,whimbrel,release-default,page_verify,729430,49463500,133409,13340900,serial
20260817T052349Z-2,20,0,whimbrel,release-default,activate,732286,49749100,2856,285600,serial
20260817T052349Z-2,20,0,whimbrel,release-default,virtq_init,803313,56851800,71027,7102700,serial
20260817T052349Z-2,20,0,whimbrel,release-default,DRIVER_OK,867266,63247100,63953,6395300,serial
20260817T052349Z-2,20,0,whimbrel,release-default,first_rx,901244,66644900,33978,3397800,serial
20260817T052349Z-2,20,0,whimbrel,release-default,syn_rx,913456,67866100,12212,1221200,serial
20260817T052349Z-2,20,0,whimbrel,release-default,established,921298,68650300,7842,784200,serial
20260817T052349Z-2,20,0,whimbrel,release-default,serving_ready,930277,69548200,8979,897900,serial
20260817T052349Z-2,20,0,whimbrel,release-default,net_init_done,982251,74745600,51974,5197400,serial
20260817T052349Z-2,20,0,whimbrel,release-default,heap_init,982484,74768900,233,23300,serial
20260817T052349Z-2,20,0,whimbrel,release-default,accounting,1003703,76890800,21219,2121900,serial
20260817T052349Z-2,20,0,whimbrel,release-default,freeze,1004712,76991700,1009,100900,serial
20260817T052349Z-2,20,0,whimbrel,release-default,sret,1006940,77214500,2228,222800,serial
20260817T052349Z-2,20,0,whimbrel,release-default,E3g,1026204,79140900,19264,1926400,serial
20260817T052349Z-2,20,0,whimbrel,release-default,E3g_doorbell,1030044,79524900,3840,384000,serial
20260817T052349Z-2,18,0,whimbrel,release-fast-boot,_start,233288,0,0,0,serial
20260817T052349Z-2,18,0,whimbrel,release-fast-boot,stamp_a,233729,44100,441,44100,serial
20260817T052349Z-2,18,0,whimbrel,release-fast-boot,stamp_b,233784,49600,55,5500,serial
20260817T052349Z-2,18,0,whimbrel,release-fast-boot,stvec,236317,302900,2533,253300,serial
20260817T052349Z-2,18,0,whimbrel,release-fast-boot,frame_init,237718,443000,1401,140100,serial
20260817T052349Z-2,18,0,whimbrel,release-fast-boot,task_init,243569,1028100,5851,585100,serial
20260817T052349Z-2,18,0,whimbrel,release-fast-boot,page_build,258113,2482500,14544,1454400,serial
20260817T052349Z-2,18,0,whimbrel,release-fast-boot,page_verify,281970,4868200,23857,2385700,serial
20260817T052349Z-2,18,0,whimbrel,release-fast-boot,activate,282854,4956600,884,88400,serial
20260817T052349Z-2,18,0,whimbrel,release-fast-boot,virtq_init,291276,5798800,8422,842200,serial
20260817T052349Z-2,18,0,whimbrel,release-fast-boot,DRIVER_OK,296709,6342100,5433,543300,serial
20260817T052349Z-2,18,0,whimbrel,release-fast-boot,first_rx,299769,6648100,3060,306000,serial
20260817T052349Z-2,18,0,whimbrel,release-fast-boot,syn_rx,302666,6937800,2897,289700,serial
20260817T052349Z-2,18,0,whimbrel,release-fast-boot,established,305365,7207700,2699,269900,serial
20260817T052349Z-2,18,0,whimbrel,release-fast-boot,serving_ready,308884,7559600,3519,351900,serial
20260817T052349Z-2,18,0,whimbrel,release-fast-boot,net_init_done,311679,7839100,2795,279500,serial
20260817T052349Z-2,18,0,whimbrel,release-fast-boot,heap_init,311897,7860900,218,21800,serial
20260817T052349Z-2,18,0,whimbrel,release-fast-boot,accounting,312144,7885600,247,24700,serial
20260817T052349Z-2,18,0,whimbrel,release-fast-boot,freeze,312218,7893000,74,7400,serial
20260817T052349Z-2,18,0,whimbrel,release-fast-boot,sret,312404,7911600,186,18600,serial
20260817T052349Z-2,18,0,whimbrel,release-fast-boot,E3g,324774,9148600,12370,1237000,serial
20260817T052349Z-2,18,0,whimbrel,release-fast-boot,E3g_doorbell,325565,9227700,791,79100,serial
20260817T052349Z-2,29,0,whimbrel,release-fast-boot,_start,232486,0,0,0,serial
20260817T052349Z-2,29,0,whimbrel,release-fast-boot,stamp_a,232972,48600,486,48600,serial
20260817T052349Z-2,29,0,whimbrel,release-fast-boot,stamp_b,233026,54000,54,5400,serial
20260817T052349Z-2,29,0,whimbrel,release-fast-boot,stvec,235551,306500,2525,252500,serial
20260817T052349Z-2,29,0,whimbrel,release-fast-boot,frame_init,236998,451200,1447,144700,serial
20260817T052349Z-2,29,0,whimbrel,release-fast-boot,task_init,242832,1034600,5834,583400,serial
20260817T052349Z-2,29,0,whimbrel,release-fast-boot,page_build,257348,2486200,14516,1451600,serial
20260817T052349Z-2,29,0,whimbrel,release-fast-boot,page_verify,281147,4866100,23799,2379900,serial
20260817T052349Z-2,29,0,whimbrel,release-fast-boot,activate,281999,4951300,852,85200,serial
20260817T052349Z-2,29,0,whimbrel,release-fast-boot,virtq_init,290449,5796300,8450,845000,serial
20260817T052349Z-2,29,0,whimbrel,release-fast-boot,DRIVER_OK,295934,6344800,5485,548500,serial
20260817T052349Z-2,29,0,whimbrel,release-fast-boot,first_rx,299028,6654200,3094,309400,serial
20260817T052349Z-2,29,0,whimbrel,release-fast-boot,syn_rx,301841,6935500,2813,281300,serial
20260817T052349Z-2,29,0,whimbrel,release-fast-boot,established,304568,7208200,2727,272700,serial
20260817T052349Z-2,29,0,whimbrel,release-fast-boot,serving_ready,308125,7563900,3557,355700,serial
20260817T052349Z-2,29,0,whimbrel,release-fast-boot,net_init_done,310922,7843600,2797,279700,serial
20260817T052349Z-2,29,0,whimbrel,release-fast-boot,heap_init,311144,7865800,222,22200,serial
20260817T052349Z-2,29,0,whimbrel,release-fast-boot,accounting,311393,7890700,249,24900,serial
20260817T052349Z-2,29,0,whimbrel,release-fast-boot,freeze,311467,7898100,74,7400,serial
20260817T052349Z-2,29,0,whimbrel,release-fast-boot,sret,311656,7917000,189,18900,serial
20260817T052349Z-2,29,0,whimbrel,release-fast-boot,E3g,324066,9158000,12410,1241000,serial
20260817T052349Z-2,29,0,whimbrel,release-fast-boot,E3g_doorbell,324841,9235500,775,77500,serial
20260817T052349Z-2,33,0,whimbrel,release-default,_start,234388,0,0,0,serial
20260817T052349Z-2,33,0,whimbrel,release-default,stamp_a,234842,45400,454,45400,serial
20260817T052349Z-2,33,0,whimbrel,release-default,stamp_b,234897,50900,55,5500,serial
20260817T052349Z-2,33,0,whimbrel,release-default,stvec,244980,1059200,10083,1008300,serial
20260817T052349Z-2,33,0,whimbrel,release-default,frame_init,549811,31542300,304831,30483100,serial
20260817T052349Z-2,33,0,whimbrel,release-default,task_init,582710,34832200,32899,3289900,serial
20260817T052349Z-2,33,0,whimbrel,release-default,page_build,594797,36040900,12087,1208700,serial
20260817T052349Z-2,33,0,whimbrel,release-default,page_verify,725301,49091300,130504,13050400,serial
20260817T052349Z-2,33,0,whimbrel,release-default,activate,728295,49390700,2994,299400,serial
20260817T052349Z-2,33,0,whimbrel,release-default,virtq_init,797464,56307600,69169,6916900,serial
20260817T052349Z-2,33,0,whimbrel,release-default,DRIVER_OK,859292,62490400,61828,6182800,serial
20260817T052349Z-2,33,0,whimbrel,release-default,first_rx,892716,65832800,33424,3342400,serial
20260817T052349Z-2,33,0,whimbrel,release-default,syn_rx,904963,67057500,12247,1224700,serial
20260817T052349Z-2,33,0,whimbrel,release-default,established,912807,67841900,7844,784400,serial
20260817T052349Z-2,33,0,whimbrel,release-default,serving_ready,921821,68743300,9014,901400,serial
20260817T052349Z-2,33,0,whimbrel,release-default,net_init_done,973544,73915600,51723,5172300,serial
20260817T052349Z-2,33,0,whimbrel,release-default,heap_init,973778,73939000,234,23400,serial
20260817T052349Z-2,33,0,whimbrel,release-default,accounting,994874,76048600,21096,2109600,serial
20260817T052349Z-2,33,0,whimbrel,release-default,freeze,995911,76152300,1037,103700,serial
20260817T052349Z-2,33,0,whimbrel,release-default,sret,998094,76370600,2183,218300,serial
20260817T052349Z-2,33,0,whimbrel,release-default,E3g,1017179,78279100,19085,1908500,serial
20260817T052349Z-2,33,0,whimbrel,release-default,E3g_doorbell,1021026,78663800,3847,384700,serial
20260817T052349Z-2,17,0,whimbrel,release-default,_start,234081,0,0,0,serial
20260817T052349Z-2,17,0,whimbrel,release-default,stamp_a,234533,45200,452,45200,serial
20260817T052349Z-2,17,0,whimbrel,release-default,stamp_b,234587,50600,54,5400,serial
20260817T052349Z-2,17,0,whimbrel,release-default,stvec,244659,1057800,10072,1007200,serial
20260817T052349Z-2,17,0,whimbrel,release-default,frame_init,549478,31539700,304819,30481900,serial
20260817T052349Z-2,17,0,whimbrel,release-default,task_init,582813,34873200,33335,3333500,serial
20260817T052349Z-2,17,0,whimbrel,release-default,page_build,594300,36021900,11487,1148700,serial
20260817T052349Z-2,17,0,whimbrel,release-default,page_verify,724497,49041600,130197,13019700,serial
20260817T052349Z-2,17,0,whimbrel,release-default,activate,727302,49322100,2805,280500,serial
20260817T052349Z-2,17,0,whimbrel,release-default,virtq_init,796054,56197300,68752,6875200,serial
20260817T052349Z-2,17,0,whimbrel,release-default,DRIVER_OK,857882,62380100,61828,6182800,serial
20260817T052349Z-2,17,0,whimbrel,release-default,first_rx,891192,65711100,33310,3331000,serial
20260817T052349Z-2,17,0,whimbrel,release-default,syn_rx,903368,66928700,12176,1217600,serial
20260817T052349Z-2,17,0,whimbrel,release-default,established,911076,67699500,7708,770800,serial
20260817T052349Z-2,17,0,whimbrel,release-default,serving_ready,919957,68587600,8881,888100,serial
20260817T052349Z-2,17,0,whimbrel,release-default,net_init_done,970318,73623700,50361,5036100,serial
20260817T052349Z-2,17,0,whimbrel,release-default,heap_init,970554,73647300,236,23600,serial
20260817T052349Z-2,17,0,whimbrel,release-default,accounting,991578,75749700,21024,2102400,serial
20260817T052349Z-2,17,0,whimbrel,release-default,freeze,992580,75849900,1002,100200,serial
20260817T052349Z-2,17,0,whimbrel,release-default,sret,994728,76064700,2148,214800,serial
20260817T052349Z-2,17,0,whimbrel,release-default,E3g,1014021,77994000,19293,1929300,serial
20260817T052349Z-2,17,0,whimbrel,release-default,E3g_doorbell,1017812,78373100,3791,379100,serial
20260817T052349Z-2,28,0,whimbrel,release-default,_start,233443,0,0,0,serial
20260817T052349Z-2,28,0,whimbrel,release-default,stamp_a,233897,45400,454,45400,serial
20260817T052349Z-2,28,0,whimbrel,release-default,stamp_b,233952,50900,55,5500,serial
20260817T052349Z-2,28,0,whimbrel,release-default,stvec,244129,1068600,10177,1017700,serial
20260817T052349Z-2,28,0,whimbrel,release-default,frame_init,547919,31447600,303790,30379000,serial
20260817T052349Z-2,28,0,whimbrel,release-default,task_init,580467,34702400,32548,3254800,serial
20260817T052349Z-2,28,0,whimbrel,release-default,page_build,592433,35899000,11966,1196600,serial
20260817T052349Z-2,28,0,whimbrel,release-default,page_verify,724772,49132900,132339,13233900,serial
20260817T052349Z-2,28,0,whimbrel,release-default,activate,727551,49410800,2779,277900,serial
20260817T052349Z-2,28,0,whimbrel,release-default,virtq_init,797636,56419300,70085,7008500,serial
20260817T052349Z-2,28,0,whimbrel,release-default,DRIVER_OK,860243,62680000,62607,6260700,serial
20260817T052349Z-2,28,0,whimbrel,release-default,first_rx,893285,65984200,33042,3304200,serial
20260817T052349Z-2,28,0,whimbrel,release-default,syn_rx,905382,67193900,12097,1209700,serial
20260817T052349Z-2,28,0,whimbrel,release-default,established,913003,67956000,7621,762100,serial
20260817T052349Z-2,28,0,whimbrel,release-default,serving_ready,921847,68840400,8844,884400,serial
20260817T052349Z-2,28,0,whimbrel,release-default,net_init_done,973186,73974300,51339,5133900,serial
20260817T052349Z-2,28,0,whimbrel,release-default,heap_init,973420,73997700,234,23400,serial
20260817T052349Z-2,28,0,whimbrel,release-default,accounting,994513,76107000,21093,2109300,serial
20260817T052349Z-2,28,0,whimbrel,release-default,freeze,995523,76208000,1010,101000,serial
20260817T052349Z-2,28,0,whimbrel,release-default,sret,997701,76425800,2178,217800,serial
20260817T052349Z-2,28,0,whimbrel,release-default,E3g,1016803,78336000,19102,1910200,serial
20260817T052349Z-2,28,0,whimbrel,release-default,E3g_doorbell,1020501,78705800,3698,369800,serial
20260817T052349Z-2,9,0,whimbrel,release-default,_start,233248,0,0,0,serial
20260817T052349Z-2,9,0,whimbrel,release-default,stamp_a,233741,49300,493,49300,serial
20260817T052349Z-2,9,0,whimbrel,release-default,stamp_b,233795,54700,54,5400,serial
20260817T052349Z-2,9,0,whimbrel,release-default,stvec,243964,1071600,10169,1016900,serial
20260817T052349Z-2,9,0,whimbrel,release-default,frame_init,549254,31600600,305290,30529000,serial
20260817T052349Z-2,9,0,whimbrel,release-default,task_init,582152,34890400,32898,3289800,serial
20260817T052349Z-2,9,0,whimbrel,release-default,page_build,594212,36096400,12060,1206000,serial
20260817T052349Z-2,9,0,whimbrel,release-default,page_verify,724900,49165200,130688,13068800,serial
20260817T052349Z-2,9,0,whimbrel,release-default,activate,727801,49455300,2901,290100,serial
20260817T052349Z-2,9,0,whimbrel,release-default,virtq_init,797687,56443900,69886,6988600,serial
20260817T052349Z-2,9,0,whimbrel,release-default,DRIVER_OK,860316,62706800,62629,6262900,serial
20260817T052349Z-2,9,0,whimbrel,release-default,first_rx,893909,66066100,33593,3359300,serial
20260817T052349Z-2,9,0,whimbrel,release-default,syn_rx,906229,67298100,12320,1232000,serial
20260817T052349Z-2,9,0,whimbrel,release-default,established,913982,68073400,7753,775300,serial
20260817T052349Z-2,9,0,whimbrel,release-default,serving_ready,922941,68969300,8959,895900,serial
20260817T052349Z-2,9,0,whimbrel,release-default,net_init_done,974444,74119600,51503,5150300,serial
20260817T052349Z-2,9,0,whimbrel,release-default,heap_init,974685,74143700,241,24100,serial
20260817T052349Z-2,9,0,whimbrel,release-default,accounting,995836,76258800,21151,2115100,serial
20260817T052349Z-2,9,0,whimbrel,release-default,freeze,996837,76358900,1001,100100,serial
20260817T052349Z-2,9,0,whimbrel,release-default,sret,999014,76576600,2177,217700,serial
20260817T052349Z-2,9,0,whimbrel,release-default,E3g,1018327,78507900,19313,1931300,serial
20260817T052349Z-2,9,0,whimbrel,release-default,E3g_doorbell,1022118,78887000,3791,379100,serial
20260817T052349Z-2,14,0,whimbrel,release-default,_start,232606,0,0,0,serial
20260817T052349Z-2,14,0,whimbrel,release-default,stamp_a,233058,45200,452,45200,serial
20260817T052349Z-2,14,0,whimbrel,release-default,stamp_b,233112,50600,54,5400,serial
20260817T052349Z-2,14,0,whimbrel,release-default,stvec,243300,1069400,10188,1018800,serial
20260817T052349Z-2,14,0,whimbrel,release-default,frame_init,547094,31448800,303794,30379400,serial
20260817T052349Z-2,14,0,whimbrel,release-default,task_init,578939,34633300,31845,3184500,serial
20260817T052349Z-2,14,0,whimbrel,release-default,page_build,591208,35860200,12269,1226900,serial
20260817T052349Z-2,14,0,whimbrel,release-default,page_verify,721847,48924100,130639,13063900,serial
20260817T052349Z-2,14,0,whimbrel,release-default,activate,724728,49212200,2881,288100,serial
20260817T052349Z-2,14,0,whimbrel,release-default,virtq_init,794497,56189100,69769,6976900,serial
20260817T052349Z-2,14,0,whimbrel,release-default,DRIVER_OK,856439,62383300,61942,6194200,serial
20260817T052349Z-2,14,0,whimbrel,release-default,first_rx,889521,65691500,33082,3308200,serial
20260817T052349Z-2,14,0,whimbrel,release-default,syn_rx,901604,66899800,12083,1208300,serial
20260817T052349Z-2,14,0,whimbrel,release-default,established,909268,67666200,7664,766400,serial
20260817T052349Z-2,14,0,whimbrel,release-default,serving_ready,918271,68566500,9003,900300,serial
20260817T052349Z-2,14,0,whimbrel,release-default,net_init_done,969418,73681200,51147,5114700,serial
20260817T052349Z-2,14,0,whimbrel,release-default,heap_init,969653,73704700,235,23500,serial
20260817T052349Z-2,14,0,whimbrel,release-default,accounting,990566,75796000,20913,2091300,serial
20260817T052349Z-2,14,0,whimbrel,release-default,freeze,991562,75895600,996,99600,serial
20260817T052349Z-2,14,0,whimbrel,release-default,sret,993749,76114300,2187,218700,serial
20260817T052349Z-2,14,0,whimbrel,release-default,E3g,1012734,78012800,18985,1898500,serial
20260817T052349Z-2,14,0,whimbrel,release-default,E3g_doorbell,1016358,78375200,3624,362400,serial
20260817T052349Z-2,21,0,whimbrel,release-fast-boot,_start,236495,0,0,0,serial
20260817T052349Z-2,21,0,whimbrel,release-fast-boot,stamp_a,236943,44800,448,44800,serial
20260817T052349Z-2,21,0,whimbrel,release-fast-boot,stamp_b,236998,50300,55,5500,serial
20260817T052349Z-2,21,0,whimbrel,release-fast-boot,stvec,239577,308200,2579,257900,serial
20260817T052349Z-2,21,0,whimbrel,release-fast-boot,frame_init,240999,450400,1422,142200,serial
20260817T052349Z-2,21,0,whimbrel,release-fast-boot,task_init,246857,1036200,5858,585800,serial
20260817T052349Z-2,21,0,whimbrel,release-fast-boot,page_build,261670,2517500,14813,1481300,serial
20260817T052349Z-2,21,0,whimbrel,release-fast-boot,page_verify,286122,4962700,24452,2445200,serial
20260817T052349Z-2,21,0,whimbrel,release-fast-boot,activate,287010,5051500,888,88800,serial
20260817T052349Z-2,21,0,whimbrel,release-fast-boot,virtq_init,295516,5902100,8506,850600,serial
20260817T052349Z-2,21,0,whimbrel,release-fast-boot,DRIVER_OK,301106,6461100,5590,559000,serial
20260817T052349Z-2,21,0,whimbrel,release-fast-boot,first_rx,304203,6770800,3097,309700,serial
20260817T052349Z-2,21,0,whimbrel,release-fast-boot,syn_rx,307105,7061000,2902,290200,serial
20260817T052349Z-2,21,0,whimbrel,release-fast-boot,established,309871,7337600,2766,276600,serial
20260817T052349Z-2,21,0,whimbrel,release-fast-boot,serving_ready,313420,7692500,3549,354900,serial
20260817T052349Z-2,21,0,whimbrel,release-fast-boot,net_init_done,316262,7976700,2842,284200,serial
20260817T052349Z-2,21,0,whimbrel,release-fast-boot,heap_init,316525,8003000,263,26300,serial
20260817T052349Z-2,21,0,whimbrel,release-fast-boot,accounting,316781,8028600,256,25600,serial
20260817T052349Z-2,21,0,whimbrel,release-fast-boot,freeze,316855,8036000,74,7400,serial
20260817T052349Z-2,21,0,whimbrel,release-fast-boot,sret,317048,8055300,193,19300,serial
20260817T052349Z-2,21,0,whimbrel,release-fast-boot,E3g,329635,9314000,12587,1258700,serial
20260817T052349Z-2,21,0,whimbrel,release-fast-boot,E3g_doorbell,330427,9393200,792,79200,serial
20260817T052349Z-2,24,0,whimbrel,release-fast-boot,_start,234044,0,0,0,serial
20260817T052349Z-2,24,0,whimbrel,release-fast-boot,stamp_a,234486,44200,442,44200,serial
20260817T052349Z-2,24,0,whimbrel,release-fast-boot,stamp_b,234541,49700,55,5500,serial
20260817T052349Z-2,24,0,whimbrel,release-fast-boot,stvec,237047,300300,2506,250600,serial
20260817T052349Z-2,24,0,whimbrel,release-fast-boot,frame_init,238449,440500,1402,140200,serial
20260817T052349Z-2,24,0,whimbrel,release-fast-boot,task_init,244268,1022400,5819,581900,serial
20260817T052349Z-2,24,0,whimbrel,release-fast-boot,page_build,258744,2470000,14476,1447600,serial
20260817T052349Z-2,24,0,whimbrel,release-fast-boot,page_verify,282579,4853500,23835,2383500,serial
20260817T052349Z-2,24,0,whimbrel,release-fast-boot,activate,283445,4940100,866,86600,serial
20260817T052349Z-2,24,0,whimbrel,release-fast-boot,virtq_init,291889,5784500,8444,844400,serial
20260817T052349Z-2,24,0,whimbrel,release-fast-boot,DRIVER_OK,297378,6333400,5489,548900,serial
20260817T052349Z-2,24,0,whimbrel,release-fast-boot,first_rx,300473,6642900,3095,309500,serial
20260817T052349Z-2,24,0,whimbrel,release-fast-boot,syn_rx,303312,6926800,2839,283900,serial
20260817T052349Z-2,24,0,whimbrel,release-fast-boot,established,305994,7195000,2682,268200,serial
20260817T052349Z-2,24,0,whimbrel,release-fast-boot,serving_ready,309478,7543400,3484,348400,serial
20260817T052349Z-2,24,0,whimbrel,release-fast-boot,net_init_done,312308,7826400,2830,283000,serial
20260817T052349Z-2,24,0,whimbrel,release-fast-boot,heap_init,312530,7848600,222,22200,serial
20260817T052349Z-2,24,0,whimbrel,release-fast-boot,accounting,312776,7873200,246,24600,serial
20260817T052349Z-2,24,0,whimbrel,release-fast-boot,freeze,312848,7880400,72,7200,serial
20260817T052349Z-2,24,0,whimbrel,release-fast-boot,sret,313038,7899400,190,19000,serial
20260817T052349Z-2,24,0,whimbrel,release-fast-boot,E3g,325419,9137500,12381,1238100,serial
20260817T052349Z-2,24,0,whimbrel,release-fast-boot,E3g_doorbell,326213,9216900,794,79400,serial
20260817T052349Z-2,11,0,whimbrel,release-default,_start,233974,0,0,0,serial
20260817T052349Z-2,11,0,whimbrel,release-default,stamp_a,234427,45300,453,45300,serial
20260817T052349Z-2,11,0,whimbrel,release-default,stamp_b,234482,50800,55,5500,serial
20260817T052349Z-2,11,0,whimbrel,release-default,stvec,244658,1068400,10176,1017600,serial
20260817T052349Z-2,11,0,whimbrel,release-default,frame_init,548501,31452700,303843,30384300,serial
20260817T052349Z-2,11,0,whimbrel,release-default,task_init,580756,34678200,32255,3225500,serial
20260817T052349Z-2,11,0,whimbrel,release-default,page_build,592958,35898400,12202,1220200,serial
20260817T052349Z-2,11,0,whimbrel,release-default,page_verify,723481,48950700,130523,13052300,serial
20260817T052349Z-2,11,0,whimbrel,release-default,activate,726334,49236000,2853,285300,serial
20260817T052349Z-2,11,0,whimbrel,release-default,virtq_init,795634,56166000,69300,6930000,serial
20260817T052349Z-2,11,0,whimbrel,release-default,DRIVER_OK,857463,62348900,61829,6182900,serial
20260817T052349Z-2,11,0,whimbrel,release-default,first_rx,891036,65706200,33573,3357300,serial
20260817T052349Z-2,11,0,whimbrel,release-default,syn_rx,903201,66922700,12165,1216500,serial
20260817T052349Z-2,11,0,whimbrel,release-default,established,910903,67692900,7702,770200,serial
20260817T052349Z-2,11,0,whimbrel,release-default,serving_ready,919918,68594400,9015,901500,serial
20260817T052349Z-2,11,0,whimbrel,release-default,net_init_done,972066,73809200,52148,5214800,serial
20260817T052349Z-2,11,0,whimbrel,release-default,heap_init,972307,73833300,241,24100,serial
20260817T052349Z-2,11,0,whimbrel,release-default,accounting,993546,75957200,21239,2123900,serial
20260817T052349Z-2,11,0,whimbrel,release-default,freeze,994564,76059000,1018,101800,serial
20260817T052349Z-2,11,0,whimbrel,release-default,sret,996762,76278800,2198,219800,serial
20260817T052349Z-2,11,0,whimbrel,release-default,E3g,1015977,78200300,19215,1921500,serial
20260817T052349Z-2,11,0,whimbrel,release-default,E3g_doorbell,1019678,78570400,3701,370100,serial
20260817T052349Z-2,6,0,whimbrel,release-fast-boot,_start,236515,0,0,0,serial
20260817T052349Z-2,6,0,whimbrel,release-fast-boot,stamp_a,237025,51000,510,51000,serial
20260817T052349Z-2,6,0,whimbrel,release-fast-boot,stamp_b,237081,56600,56,5600,serial
20260817T052349Z-2,6,0,whimbrel,release-fast-boot,stvec,239655,314000,2574,257400,serial
20260817T052349Z-2,6,0,whimbrel,release-fast-boot,frame_init,241081,456600,1426,142600,serial
20260817T052349Z-2,6,0,whimbrel,release-fast-boot,task_init,246952,1043700,5871,587100,serial
20260817T052349Z-2,6,0,whimbrel,release-fast-boot,page_build,261502,2498700,14550,1455000,serial
20260817T052349Z-2,6,0,whimbrel,release-fast-boot,page_verify,285498,4898300,23996,2399600,serial
20260817T052349Z-2,6,0,whimbrel,release-fast-boot,activate,286368,4985300,870,87000,serial
20260817T052349Z-2,6,0,whimbrel,release-fast-boot,virtq_init,295051,5853600,8683,868300,serial
20260817T052349Z-2,6,0,whimbrel,release-fast-boot,DRIVER_OK,300639,6412400,5588,558800,serial
20260817T052349Z-2,6,0,whimbrel,release-fast-boot,first_rx,303758,6724300,3119,311900,serial
20260817T052349Z-2,6,0,whimbrel,release-fast-boot,syn_rx,306638,7012300,2880,288000,serial
20260817T052349Z-2,6,0,whimbrel,release-fast-boot,established,309423,7290800,2785,278500,serial
20260817T052349Z-2,6,0,whimbrel,release-fast-boot,serving_ready,312982,7646700,3559,355900,serial
20260817T052349Z-2,6,0,whimbrel,release-fast-boot,net_init_done,315837,7932200,2855,285500,serial
20260817T052349Z-2,6,0,whimbrel,release-fast-boot,heap_init,316061,7954600,224,22400,serial
20260817T052349Z-2,6,0,whimbrel,release-fast-boot,accounting,316314,7979900,253,25300,serial
20260817T052349Z-2,6,0,whimbrel,release-fast-boot,freeze,316388,7987300,74,7400,serial
20260817T052349Z-2,6,0,whimbrel,release-fast-boot,sret,316578,8006300,190,19000,serial
20260817T052349Z-2,6,0,whimbrel,release-fast-boot,E3g,329201,9268600,12623,1262300,serial
20260817T052349Z-2,6,0,whimbrel,release-fast-boot,E3g_doorbell,329993,9347800,792,79200,serial
20260817T052349Z-2,10,0,whimbrel,release-default,_start,233115,0,0,0,serial
20260817T052349Z-2,10,0,whimbrel,release-default,stamp_a,233571,45600,456,45600,serial
20260817T052349Z-2,10,0,whimbrel,release-default,stamp_b,233626,51100,55,5500,serial
20260817T052349Z-2,10,0,whimbrel,release-default,stvec,243780,1066500,10154,1015400,serial
20260817T052349Z-2,10,0,whimbrel,release-default,frame_init,548280,31516500,304500,30450000,serial
20260817T052349Z-2,10,0,whimbrel,release-default,task_init,581039,34792400,32759,3275900,serial
20260817T052349Z-2,10,0,whimbrel,release-default,page_build,593307,36019200,12268,1226800,serial
20260817T052349Z-2,10,0,whimbrel,release-default,page_verify,723969,49085400,130662,13066200,serial
20260817T052349Z-2,10,0,whimbrel,release-default,activate,726905,49379000,2936,293600,serial
20260817T052349Z-2,10,0,whimbrel,release-default,virtq_init,796245,56313000,69340,6934000,serial
20260817T052349Z-2,10,0,whimbrel,release-default,DRIVER_OK,858043,62492800,61798,6179800,serial
20260817T052349Z-2,10,0,whimbrel,release-default,first_rx,891430,65831500,33387,3338700,serial
20260817T052349Z-2,10,0,whimbrel,release-default,syn_rx,903589,67047400,12159,1215900,serial
20260817T052349Z-2,10,0,whimbrel,release-default,established,920807,68769200,17218,1721800,serial
20260817T052349Z-2,10,0,whimbrel,release-default,serving_ready,929786,69667100,8979,897900,serial
20260817T052349Z-2,10,0,whimbrel,release-default,net_init_done,980703,74758800,50917,5091700,serial
20260817T052349Z-2,10,0,whimbrel,release-default,heap_init,980939,74782400,236,23600,serial
20260817T052349Z-2,10,0,whimbrel,release-default,accounting,1001772,76865700,20833,2083300,serial
20260817T052349Z-2,10,0,whimbrel,release-default,freeze,1002758,76964300,986,98600,serial
20260817T052349Z-2,10,0,whimbrel,release-default,sret,1004906,77179100,2148,214800,serial
20260817T052349Z-2,10,0,whimbrel,release-default,E3g,1024179,79106400,19273,1927300,serial
20260817T052349Z-2,10,0,whimbrel,release-default,E3g_doorbell,1028040,79492500,3861,386100,serial
20260817T052349Z-2,20,0,whimbrel,release-fast-boot,_start,233666,0,0,0,serial
20260817T052349Z-2,20,0,whimbrel,release-fast-boot,stamp_a,234107,44100,441,44100,serial
20260817T052349Z-2,20,0,whimbrel,release-fast-boot,stamp_b,234162,49600,55,5500,serial
20260817T052349Z-2,20,0,whimbrel,release-fast-boot,stvec,236695,302900,2533,253300,serial
20260817T052349Z-2,20,0,whimbrel,release-fast-boot,frame_init,238103,443700,1408,140800,serial
20260817T052349Z-2,20,0,whimbrel,release-fast-boot,task_init,243953,1028700,5850,585000,serial
20260817T052349Z-2,20,0,whimbrel,release-fast-boot,page_build,258539,2487300,14586,1458600,serial
20260817T052349Z-2,20,0,whimbrel,release-fast-boot,page_verify,282425,4875900,23886,2388600,serial
20260817T052349Z-2,20,0,whimbrel,release-fast-boot,activate,283273,4960700,848,84800,serial
20260817T052349Z-2,20,0,whimbrel,release-fast-boot,virtq_init,291801,5813500,8528,852800,serial
20260817T052349Z-2,20,0,whimbrel,release-fast-boot,DRIVER_OK,297232,6356600,5431,543100,serial
20260817T052349Z-2,20,0,whimbrel,release-fast-boot,first_rx,300292,6662600,3060,306000,serial
20260817T052349Z-2,20,0,whimbrel,release-fast-boot,syn_rx,303149,6948300,2857,285700,serial
20260817T052349Z-2,20,0,whimbrel,release-fast-boot,established,305842,7217600,2693,269300,serial
20260817T052349Z-2,20,0,whimbrel,release-fast-boot,serving_ready,309316,7565000,3474,347400,serial
20260817T052349Z-2,20,0,whimbrel,release-fast-boot,net_init_done,312134,7846800,2818,281800,serial
20260817T052349Z-2,20,0,whimbrel,release-fast-boot,heap_init,312355,7868900,221,22100,serial
20260817T052349Z-2,20,0,whimbrel,release-fast-boot,accounting,312601,7893500,246,24600,serial
20260817T052349Z-2,20,0,whimbrel,release-fast-boot,freeze,312674,7900800,73,7300,serial
20260817T052349Z-2,20,0,whimbrel,release-fast-boot,sret,312862,7919600,188,18800,serial
20260817T052349Z-2,20,0,whimbrel,release-fast-boot,E3g,325248,9158200,12386,1238600,serial
20260817T052349Z-2,20,0,whimbrel,release-fast-boot,E3g_doorbell,326038,9237200,790,79000,serial
20260817T052349Z-2,22,0,whimbrel,release-default,_start,231007,0,0,0,serial
20260817T052349Z-2,22,0,whimbrel,release-default,stamp_a,231458,45100,451,45100,serial
20260817T052349Z-2,22,0,whimbrel,release-default,stamp_b,231511,50400,53,5300,serial
20260817T052349Z-2,22,0,whimbrel,release-default,stvec,241562,1055500,10051,1005100,serial
20260817T052349Z-2,22,0,whimbrel,release-default,frame_init,546469,31546200,304907,30490700,serial
20260817T052349Z-2,22,0,whimbrel,release-default,task_init,579988,34898100,33519,3351900,serial
20260817T052349Z-2,22,0,whimbrel,release-default,page_build,592261,36125400,12273,1227300,serial
20260817T052349Z-2,22,0,whimbrel,release-default,page_verify,723136,49212900,130875,13087500,serial
20260817T052349Z-2,22,0,whimbrel,release-default,activate,726119,49511200,2983,298300,serial
20260817T052349Z-2,22,0,whimbrel,release-default,virtq_init,795556,56454900,69437,6943700,serial
20260817T052349Z-2,22,0,whimbrel,release-default,DRIVER_OK,857858,62685100,62302,6230200,serial
20260817T052349Z-2,22,0,whimbrel,release-default,first_rx,891292,66028500,33434,3343400,serial
20260817T052349Z-2,22,0,whimbrel,release-default,syn_rx,903434,67242700,12142,1214200,serial
20260817T052349Z-2,22,0,whimbrel,release-default,established,911166,68015900,7732,773200,serial
20260817T052349Z-2,22,0,whimbrel,release-default,serving_ready,920122,68911500,8956,895600,serial
20260817T052349Z-2,22,0,whimbrel,release-default,net_init_done,971763,74075600,51641,5164100,serial
20260817T052349Z-2,22,0,whimbrel,release-default,heap_init,971999,74099200,236,23600,serial
20260817T052349Z-2,22,0,whimbrel,release-default,accounting,993217,76221000,21218,2121800,serial
20260817T052349Z-2,22,0,whimbrel,release-default,freeze,994223,76321600,1006,100600,serial
20260817T052349Z-2,22,0,whimbrel,release-default,sret,996438,76543100,2215,221500,serial
20260817T052349Z-2,22,0,whimbrel,release-default,E3g,1015653,78464600,19215,1921500,serial
20260817T052349Z-2,22,0,whimbrel,release-default,E3g_doorbell,1019457,78845000,3804,380400,serial
20260817T052349Z-2,7,0,whimbrel,release-default,_start,235215,0,0,0,serial
20260817T052349Z-2,7,0,whimbrel,release-default,stamp_a,235671,45600,456,45600,serial
20260817T052349Z-2,7,0,whimbrel,release-default,stamp_b,235726,51100,55,5500,serial
20260817T052349Z-2,7,0,whimbrel,release-default,stvec,245890,1067500,10164,1016400,serial
20260817T052349Z-2,7,0,whimbrel,release-default,frame_init,549637,31442200,303747,30374700,serial
20260817T052349Z-2,7,0,whimbrel,release-default,task_init,582340,34712500,32703,3270300,serial
20260817T052349Z-2,7,0,whimbrel,release-default,page_build,594592,35937700,12252,1225200,serial
20260817T052349Z-2,7,0,whimbrel,release-default,page_verify,725663,49044800,131071,13107100,serial
20260817T052349Z-2,7,0,whimbrel,release-default,activate,728464,49324900,2801,280100,serial
20260817T052349Z-2,7,0,whimbrel,release-default,virtq_init,797487,56227200,69023,6902300,serial
20260817T052349Z-2,7,0,whimbrel,release-default,DRIVER_OK,859380,62416500,61893,6189300,serial
20260817T052349Z-2,7,0,whimbrel,release-default,first_rx,892695,65748000,33315,3331500,serial
20260817T052349Z-2,7,0,whimbrel,release-default,syn_rx,904855,66964000,12160,1216000,serial
20260817T052349Z-2,7,0,whimbrel,release-default,established,922184,68696900,17329,1732900,serial
20260817T052349Z-2,7,0,whimbrel,release-default,serving_ready,931182,69596700,8998,899800,serial
20260817T052349Z-2,7,0,whimbrel,release-default,net_init_done,982405,74719000,51223,5122300,serial
20260817T052349Z-2,7,0,whimbrel,release-default,heap_init,982639,74742400,234,23400,serial
20260817T052349Z-2,7,0,whimbrel,release-default,accounting,1003807,76859200,21168,2116800,serial
20260817T052349Z-2,7,0,whimbrel,release-default,freeze,1004808,76959300,1001,100100,serial
20260817T052349Z-2,7,0,whimbrel,release-default,sret,1006987,77177200,2179,217900,serial
20260817T052349Z-2,7,0,whimbrel,release-default,E3g,1026058,79084300,19071,1907100,serial
20260817T052349Z-2,7,0,whimbrel,release-default,E3g_doorbell,1029719,79450400,3661,366100,serial
20260817T052349Z-2,12,0,whimbrel,release-default,_start,234026,0,0,0,serial
20260817T052349Z-2,12,0,whimbrel,release-default,stamp_a,234482,45600,456,45600,serial
20260817T052349Z-2,12,0,whimbrel,release-default,stamp_b,234537,51100,55,5500,serial
20260817T052349Z-2,12,0,whimbrel,release-default,stvec,244816,1079000,10279,1027900,serial
20260817T052349Z-2,12,0,whimbrel,release-default,frame_init,548475,31444900,303659,30365900,serial
20260817T052349Z-2,12,0,whimbrel,release-default,task_init,580935,34690900,32460,3246000,serial
20260817T052349Z-2,12,0,whimbrel,release-default,page_build,593146,35912000,12211,1221100,serial
20260817T052349Z-2,12,0,whimbrel,release-default,page_verify,724571,49054500,131425,13142500,serial
20260817T052349Z-2,12,0,whimbrel,release-default,activate,727400,49337400,2829,282900,serial
20260817T052349Z-2,12,0,whimbrel,release-default,virtq_init,796835,56280900,69435,6943500,serial
20260817T052349Z-2,12,0,whimbrel,release-default,DRIVER_OK,858872,62484600,62037,6203700,serial
20260817T052349Z-2,12,0,whimbrel,release-default,first_rx,891826,65780000,32954,3295400,serial
20260817T052349Z-2,12,0,whimbrel,release-default,syn_rx,903923,66989700,12097,1209700,serial
20260817T052349Z-2,12,0,whimbrel,release-default,established,911560,67753400,7637,763700,serial
20260817T052349Z-2,12,0,whimbrel,release-default,serving_ready,920426,68640000,8866,886600,serial
20260817T052349Z-2,12,0,whimbrel,release-default,net_init_done,971460,73743400,51034,5103400,serial
20260817T052349Z-2,12,0,whimbrel,release-default,heap_init,971691,73766500,231,23100,serial
20260817T052349Z-2,12,0,whimbrel,release-default,accounting,992540,75851400,20849,2084900,serial
20260817T052349Z-2,12,0,whimbrel,release-default,freeze,993577,75955100,1037,103700,serial
20260817T052349Z-2,12,0,whimbrel,release-default,sret,995733,76170700,2156,215600,serial
20260817T052349Z-2,12,0,whimbrel,release-default,E3g,1014760,78073400,19027,1902700,serial
20260817T052349Z-2,12,0,whimbrel,release-default,E3g_doorbell,1018412,78438600,3652,365200,serial
20260817T052349Z-2,19,0,whimbrel,release-fast-boot,_start,231957,0,0,0,serial
20260817T052349Z-2,19,0,whimbrel,release-fast-boot,stamp_a,232393,43600,436,43600,serial
20260817T052349Z-2,19,0,whimbrel,release-fast-boot,stamp_b,232446,48900,53,5300,serial
20260817T052349Z-2,19,0,whimbrel,release-fast-boot,stvec,234969,301200,2523,252300,serial
20260817T052349Z-2,19,0,whimbrel,release-fast-boot,frame_init,236433,447600,1464,146400,serial
20260817T052349Z-2,19,0,whimbrel,release-fast-boot,task_init,242341,1038400,5908,590800,serial
20260817T052349Z-2,19,0,whimbrel,release-fast-boot,page_build,256859,2490200,14518,1451800,serial
20260817T052349Z-2,19,0,whimbrel,release-fast-boot,page_verify,280608,4865100,23749,2374900,serial
20260817T052349Z-2,19,0,whimbrel,release-fast-boot,activate,281491,4953400,883,88300,serial
20260817T052349Z-2,19,0,whimbrel,release-fast-boot,virtq_init,289854,5789700,8363,836300,serial
20260817T052349Z-2,19,0,whimbrel,release-fast-boot,DRIVER_OK,295200,6324300,5346,534600,serial
20260817T052349Z-2,19,0,whimbrel,release-fast-boot,first_rx,298333,6637600,3133,313300,serial
20260817T052349Z-2,19,0,whimbrel,release-fast-boot,syn_rx,301140,6918300,2807,280700,serial
20260817T052349Z-2,19,0,whimbrel,release-fast-boot,established,303793,7183600,2653,265300,serial
20260817T052349Z-2,19,0,whimbrel,release-fast-boot,serving_ready,307392,7543500,3599,359900,serial
20260817T052349Z-2,19,0,whimbrel,release-fast-boot,net_init_done,310194,7823700,2802,280200,serial
20260817T052349Z-2,19,0,whimbrel,release-fast-boot,heap_init,310417,7846000,223,22300,serial
20260817T052349Z-2,19,0,whimbrel,release-fast-boot,accounting,310666,7870900,249,24900,serial
20260817T052349Z-2,19,0,whimbrel,release-fast-boot,freeze,310739,7878200,73,7300,serial
20260817T052349Z-2,19,0,whimbrel,release-fast-boot,sret,310926,7896900,187,18700,serial
20260817T052349Z-2,19,0,whimbrel,release-fast-boot,E3g,323339,9138200,12413,1241300,serial
20260817T052349Z-2,19,0,whimbrel,release-fast-boot,E3g_doorbell,324104,9214700,765,76500,serial
20260817T052349Z-2,22,0,whimbrel,release-fast-boot,_start,234154,0,0,0,serial
20260817T052349Z-2,22,0,whimbrel,release-fast-boot,stamp_a,234591,43700,437,43700,serial
20260817T052349Z-2,22,0,whimbrel,release-fast-boot,stamp_b,234644,49000,53,5300,serial
20260817T052349Z-2,22,0,whimbrel,release-fast-boot,stvec,237201,304700,2557,255700,serial
20260817T052349Z-2,22,0,whimbrel,release-fast-boot,frame_init,238606,445200,1405,140500,serial
20260817T052349Z-2,22,0,whimbrel,release-fast-boot,task_init,244518,1036400,5912,591200,serial
20260817T052349Z-2,22,0,whimbrel,release-fast-boot,page_build,259378,2522400,14860,1486000,serial
20260817T052349Z-2,22,0,whimbrel,release-fast-boot,page_verify,283941,4978700,24563,2456300,serial
20260817T052349Z-2,22,0,whimbrel,release-fast-boot,activate,284795,5064100,854,85400,serial
20260817T052349Z-2,22,0,whimbrel,release-fast-boot,virtq_init,293301,5914700,8506,850600,serial
20260817T052349Z-2,22,0,whimbrel,release-fast-boot,DRIVER_OK,298819,6466500,5518,551800,serial
20260817T052349Z-2,22,0,whimbrel,release-fast-boot,first_rx,301985,6783100,3166,316600,serial
20260817T052349Z-2,22,0,whimbrel,release-fast-boot,syn_rx,304797,7064300,2812,281200,serial
20260817T052349Z-2,22,0,whimbrel,release-fast-boot,established,307498,7334400,2701,270100,serial
20260817T052349Z-2,22,0,whimbrel,release-fast-boot,serving_ready,311097,7694300,3599,359900,serial
20260817T052349Z-2,22,0,whimbrel,release-fast-boot,net_init_done,313903,7974900,2806,280600,serial
20260817T052349Z-2,22,0,whimbrel,release-fast-boot,heap_init,314123,7996900,220,22000,serial
20260817T052349Z-2,22,0,whimbrel,release-fast-boot,accounting,314374,8022000,251,25100,serial
20260817T052349Z-2,22,0,whimbrel,release-fast-boot,freeze,314447,8029300,73,7300,serial
20260817T052349Z-2,22,0,whimbrel,release-fast-boot,sret,314635,8048100,188,18800,serial
20260817T052349Z-2,22,0,whimbrel,release-fast-boot,E3g,327013,9285900,12378,1237800,serial
20260817T052349Z-2,22,0,whimbrel,release-fast-boot,E3g_doorbell,327847,9369300,834,83400,serial
20260817T052349Z-2,15,0,whimbrel,release-default,_start,232917,0,0,0,serial
20260817T052349Z-2,15,0,whimbrel,release-default,stamp_a,233369,45200,452,45200,serial
20260817T052349Z-2,15,0,whimbrel,release-default,stamp_b,233422,50500,53,5300,serial
20260817T052349Z-2,15,0,whimbrel,release-default,stvec,243542,1062500,10120,1012000,serial
20260817T052349Z-2,15,0,whimbrel,release-default,frame_init,554583,32166600,311041,31104100,serial
20260817T052349Z-2,15,0,whimbrel,release-default,task_init,587291,35437400,32708,3270800,serial
20260817T052349Z-2,15,0,whimbrel,release-default,page_build,599529,36661200,12238,1223800,serial
20260817T052349Z-2,15,0,whimbrel,release-default,page_verify,729685,49676800,130156,13015600,serial
20260817T052349Z-2,15,0,whimbrel,release-default,activate,732573,49965600,2888,288800,serial
20260817T052349Z-2,15,0,whimbrel,release-default,virtq_init,801366,56844900,68793,6879300,serial
20260817T052349Z-2,15,0,whimbrel,release-default,DRIVER_OK,862836,62991900,61470,6147000,serial
20260817T052349Z-2,15,0,whimbrel,release-default,first_rx,896111,66319400,33275,3327500,serial
20260817T052349Z-2,15,0,whimbrel,release-default,syn_rx,908046,67512900,11935,1193500,serial
20260817T052349Z-2,15,0,whimbrel,release-default,established,915705,68278800,7659,765900,serial
20260817T052349Z-2,15,0,whimbrel,release-default,serving_ready,924525,69160800,8820,882000,serial
20260817T052349Z-2,15,0,whimbrel,release-default,net_init_done,975361,74244400,50836,5083600,serial
20260817T052349Z-2,15,0,whimbrel,release-default,heap_init,975619,74270200,258,25800,serial
20260817T052349Z-2,15,0,whimbrel,release-default,accounting,996396,76347900,20777,2077700,serial
20260817T052349Z-2,15,0,whimbrel,release-default,freeze,997383,76446600,987,98700,serial
20260817T052349Z-2,15,0,whimbrel,release-default,sret,999521,76660400,2138,213800,serial
20260817T052349Z-2,15,0,whimbrel,release-default,E3g,1018466,78554900,18945,1894500,serial
20260817T052349Z-2,15,0,whimbrel,release-default,E3g_doorbell,1022262,78934500,3796,379600,serial
20260817T052349Z-2,26,0,whimbrel,release-default,_start,232885,0,0,0,serial
20260817T052349Z-2,26,0,whimbrel,release-default,stamp_a,233340,45500,455,45500,serial
20260817T052349Z-2,26,0,whimbrel,release-default,stamp_b,233394,50900,54,5400,serial
20260817T052349Z-2,26,0,whimbrel,release-default,stvec,243563,1067800,10169,1016900,serial
20260817T052349Z-2,26,0,whimbrel,release-default,frame_init,547340,31445500,303777,30377700,serial
20260817T052349Z-2,26,0,whimbrel,release-default,task_init,580643,34775800,33303,3330300,serial
20260817T052349Z-2,26,0,whimbrel,release-default,page_build,592856,35997100,12213,1221300,serial
20260817T052349Z-2,26,0,whimbrel,release-default,page_verify,725143,49225800,132287,13228700,serial
20260817T052349Z-2,26,0,whimbrel,release-default,activate,727922,49503700,2779,277900,serial
20260817T052349Z-2,26,0,whimbrel,release-default,virtq_init,797359,56447400,69437,6943700,serial
20260817T052349Z-2,26,0,whimbrel,release-default,DRIVER_OK,859672,62678700,62313,6231300,serial
20260817T052349Z-2,26,0,whimbrel,release-default,first_rx,892797,65991200,33125,3312500,serial
20260817T052349Z-2,26,0,whimbrel,release-default,syn_rx,904830,67194500,12033,1203300,serial
20260817T052349Z-2,26,0,whimbrel,release-default,established,912437,67955200,7607,760700,serial
20260817T052349Z-2,26,0,whimbrel,release-default,serving_ready,921254,68836900,8817,881700,serial
20260817T052349Z-2,26,0,whimbrel,release-default,net_init_done,972133,73924800,50879,5087900,serial
20260817T052349Z-2,26,0,whimbrel,release-default,heap_init,972362,73947700,229,22900,serial
20260817T052349Z-2,26,0,whimbrel,release-default,accounting,993322,76043700,20960,2096000,serial
20260817T052349Z-2,26,0,whimbrel,release-default,freeze,994328,76144300,1006,100600,serial
20260817T052349Z-2,26,0,whimbrel,release-default,sret,996495,76361000,2167,216700,serial
20260817T052349Z-2,26,0,whimbrel,release-default,E3g,1015383,78249800,18888,1888800,serial
20260817T052349Z-2,26,0,whimbrel,release-default,E3g_doorbell,1019017,78613200,3634,363400,serial
20260817T052349Z-2,16,0,whimbrel,release-fast-boot,_start,234874,0,0,0,serial
20260817T052349Z-2,16,0,whimbrel,release-fast-boot,stamp_a,235322,44800,448,44800,serial
20260817T052349Z-2,16,0,whimbrel,release-fast-boot,stamp_b,235379,50500,57,5700,serial
20260817T052349Z-2,16,0,whimbrel,release-fast-boot,stvec,237950,307600,2571,257100,serial
20260817T052349Z-2,16,0,whimbrel,release-fast-boot,frame_init,239376,450200,1426,142600,serial
20260817T052349Z-2,16,0,whimbrel,release-fast-boot,task_init,245258,1038400,5882,588200,serial
20260817T052349Z-2,16,0,whimbrel,release-fast-boot,page_build,259771,2489700,14513,1451300,serial
20260817T052349Z-2,16,0,whimbrel,release-fast-boot,page_verify,283634,4876000,23863,2386300,serial
20260817T052349Z-2,16,0,whimbrel,release-fast-boot,activate,284523,4964900,889,88900,serial
20260817T052349Z-2,16,0,whimbrel,release-fast-boot,virtq_init,293091,5821700,8568,856800,serial
20260817T052349Z-2,16,0,whimbrel,release-fast-boot,DRIVER_OK,298676,6380200,5585,558500,serial
20260817T052349Z-2,16,0,whimbrel,release-fast-boot,first_rx,301780,6690600,3104,310400,serial
20260817T052349Z-2,16,0,whimbrel,release-fast-boot,syn_rx,304671,6979700,2891,289100,serial
20260817T052349Z-2,16,0,whimbrel,release-fast-boot,established,307394,7252000,2723,272300,serial
20260817T052349Z-2,16,0,whimbrel,release-fast-boot,serving_ready,310926,7605200,3532,353200,serial
20260817T052349Z-2,16,0,whimbrel,release-fast-boot,net_init_done,313747,7887300,2821,282100,serial
20260817T052349Z-2,16,0,whimbrel,release-fast-boot,heap_init,314016,7914200,269,26900,serial
20260817T052349Z-2,16,0,whimbrel,release-fast-boot,accounting,314267,7939300,251,25100,serial
20260817T052349Z-2,16,0,whimbrel,release-fast-boot,freeze,314341,7946700,74,7400,serial
20260817T052349Z-2,16,0,whimbrel,release-fast-boot,sret,314531,7965700,190,19000,serial
20260817T052349Z-2,16,0,whimbrel,release-fast-boot,E3g,327123,9224900,12592,1259200,serial
20260817T052349Z-2,16,0,whimbrel,release-fast-boot,E3g_doorbell,327963,9308900,840,84000,serial
20260817T052349Z-2,30,0,whimbrel,release-fast-boot,_start,232242,0,0,0,serial
20260817T052349Z-2,30,0,whimbrel,release-fast-boot,stamp_a,232717,47500,475,47500,serial
20260817T052349Z-2,30,0,whimbrel,release-fast-boot,stamp_b,232770,52800,53,5300,serial
20260817T052349Z-2,30,0,whimbrel,release-fast-boot,stvec,235262,302000,2492,249200,serial
20260817T052349Z-2,30,0,whimbrel,release-fast-boot,frame_init,236644,440200,1382,138200,serial
20260817T052349Z-2,30,0,whimbrel,release-fast-boot,task_init,242446,1020400,5802,580200,serial
20260817T052349Z-2,30,0,whimbrel,release-fast-boot,page_build,256829,2458700,14383,1438300,serial
20260817T052349Z-2,30,0,whimbrel,release-fast-boot,page_verify,280843,4860100,24014,2401400,serial
20260817T052349Z-2,30,0,whimbrel,release-fast-boot,activate,281693,4945100,850,85000,serial
20260817T052349Z-2,30,0,whimbrel,release-fast-boot,virtq_init,290118,5787600,8425,842500,serial
20260817T052349Z-2,30,0,whimbrel,release-fast-boot,DRIVER_OK,295530,6328800,5412,541200,serial
20260817T052349Z-2,30,0,whimbrel,release-fast-boot,first_rx,298577,6633500,3047,304700,serial
20260817T052349Z-2,30,0,whimbrel,release-fast-boot,syn_rx,301401,6915900,2824,282400,serial
20260817T052349Z-2,30,0,whimbrel,release-fast-boot,established,304102,7186000,2701,270100,serial
20260817T052349Z-2,30,0,whimbrel,release-fast-boot,serving_ready,307614,7537200,3512,351200,serial
20260817T052349Z-2,30,0,whimbrel,release-fast-boot,net_init_done,310407,7816500,2793,279300,serial
20260817T052349Z-2,30,0,whimbrel,release-fast-boot,heap_init,310625,7838300,218,21800,serial
20260817T052349Z-2,30,0,whimbrel,release-fast-boot,accounting,310874,7863200,249,24900,serial
20260817T052349Z-2,30,0,whimbrel,release-fast-boot,freeze,310947,7870500,73,7300,serial
20260817T052349Z-2,30,0,whimbrel,release-fast-boot,sret,311135,7889300,188,18800,serial
20260817T052349Z-2,30,0,whimbrel,release-fast-boot,E3g,323426,9118400,12291,1229100,serial
20260817T052349Z-2,30,0,whimbrel,release-fast-boot,E3g_doorbell,324198,9195600,772,77200,serial
20260817T052349Z-2,9,0,whimbrel,release-fast-boot,_start,233856,0,0,0,serial
20260817T052349Z-2,9,0,whimbrel,release-fast-boot,stamp_a,234296,44000,440,44000,serial
20260817T052349Z-2,9,0,whimbrel,release-fast-boot,stamp_b,234350,49400,54,5400,serial
20260817T052349Z-2,9,0,whimbrel,release-fast-boot,stvec,236872,301600,2522,252200,serial
20260817T052349Z-2,9,0,whimbrel,release-fast-boot,frame_init,238282,442600,1410,141000,serial
20260817T052349Z-2,9,0,whimbrel,release-fast-boot,task_init,244151,1029500,5869,586900,serial
20260817T052349Z-2,9,0,whimbrel,release-fast-boot,page_build,258601,2474500,14450,1445000,serial
20260817T052349Z-2,9,0,whimbrel,release-fast-boot,page_verify,282692,4883600,24091,2409100,serial
20260817T052349Z-2,9,0,whimbrel,release-fast-boot,activate,283547,4969100,855,85500,serial
20260817T052349Z-2,9,0,whimbrel,release-fast-boot,virtq_init,291933,5807700,8386,838600,serial
20260817T052349Z-2,9,0,whimbrel,release-fast-boot,DRIVER_OK,297297,6344100,5364,536400,serial
20260817T052349Z-2,9,0,whimbrel,release-fast-boot,first_rx,300398,6654200,3101,310100,serial
20260817T052349Z-2,9,0,whimbrel,release-fast-boot,syn_rx,303199,6934300,2801,280100,serial
20260817T052349Z-2,9,0,whimbrel,release-fast-boot,established,305891,7203500,2692,269200,serial
20260817T052349Z-2,9,0,whimbrel,release-fast-boot,serving_ready,309384,7552800,3493,349300,serial
20260817T052349Z-2,9,0,whimbrel,release-fast-boot,net_init_done,312295,7843900,2911,291100,serial
20260817T052349Z-2,9,0,whimbrel,release-fast-boot,heap_init,312516,7866000,221,22100,serial
20260817T052349Z-2,9,0,whimbrel,release-fast-boot,accounting,312764,7890800,248,24800,serial
20260817T052349Z-2,9,0,whimbrel,release-fast-boot,freeze,312837,7898100,73,7300,serial
20260817T052349Z-2,9,0,whimbrel,release-fast-boot,sret,313024,7916800,187,18700,serial
20260817T052349Z-2,9,0,whimbrel,release-fast-boot,E3g,325390,9153400,12366,1236600,serial
20260817T052349Z-2,9,0,whimbrel,release-fast-boot,E3g_doorbell,326175,9231900,785,78500,serial
20260817T052349Z-2,28,0,whimbrel,release-fast-boot,_start,235341,0,0,0,serial
20260817T052349Z-2,28,0,whimbrel,release-fast-boot,stamp_a,235825,48400,484,48400,serial
20260817T052349Z-2,28,0,whimbrel,release-fast-boot,stamp_b,235882,54100,57,5700,serial
20260817T052349Z-2,28,0,whimbrel,release-fast-boot,stvec,238433,309200,2551,255100,serial
20260817T052349Z-2,28,0,whimbrel,release-fast-boot,frame_init,239861,452000,1428,142800,serial
20260817T052349Z-2,28,0,whimbrel,release-fast-boot,task_init,245676,1033500,5815,581500,serial
20260817T052349Z-2,28,0,whimbrel,release-fast-boot,page_build,260148,2480700,14472,1447200,serial
20260817T052349Z-2,28,0,whimbrel,release-fast-boot,page_verify,284204,4886300,24056,2405600,serial
20260817T052349Z-2,28,0,whimbrel,release-fast-boot,activate,285082,4974100,878,87800,serial
20260817T052349Z-2,28,0,whimbrel,release-fast-boot,virtq_init,293697,5835600,8615,861500,serial
20260817T052349Z-2,28,0,whimbrel,release-fast-boot,DRIVER_OK,299279,6393800,5582,558200,serial
20260817T052349Z-2,28,0,whimbrel,release-fast-boot,first_rx,302414,6707300,3135,313500,serial
20260817T052349Z-2,28,0,whimbrel,release-fast-boot,syn_rx,305305,6996400,2891,289100,serial
20260817T052349Z-2,28,0,whimbrel,release-fast-boot,established,308037,7269600,2732,273200,serial
20260817T052349Z-2,28,0,whimbrel,release-fast-boot,serving_ready,311578,7623700,3541,354100,serial
20260817T052349Z-2,28,0,whimbrel,release-fast-boot,net_init_done,314421,7908000,2843,284300,serial
20260817T052349Z-2,28,0,whimbrel,release-fast-boot,heap_init,314646,7930500,225,22500,serial
20260817T052349Z-2,28,0,whimbrel,release-fast-boot,accounting,314903,7956200,257,25700,serial
20260817T052349Z-2,28,0,whimbrel,release-fast-boot,freeze,314977,7963600,74,7400,serial
20260817T052349Z-2,28,0,whimbrel,release-fast-boot,sret,315168,7982700,191,19100,serial
20260817T052349Z-2,28,0,whimbrel,release-fast-boot,E3g,327844,9250300,12676,1267600,serial
20260817T052349Z-2,28,0,whimbrel,release-fast-boot,E3g_doorbell,328635,9329400,791,79100,serial
20260817T052349Z-2,23,0,whimbrel,release-default,_start,234227,0,0,0,serial
20260817T052349Z-2,23,0,whimbrel,release-default,stamp_a,234712,48500,485,48500,serial
20260817T052349Z-2,23,0,whimbrel,release-default,stamp_b,234767,54000,55,5500,serial
20260817T052349Z-2,23,0,whimbrel,release-default,stvec,244955,1072800,10188,1018800,serial
20260817T052349Z-2,23,0,whimbrel,release-default,frame_init,551009,31678200,306054,30605400,serial
20260817T052349Z-2,23,0,whimbrel,release-default,task_init,583119,34889200,32110,3211000,serial
20260817T052349Z-2,23,0,whimbrel,release-default,page_build,595397,36117000,12278,1227800,serial
20260817T052349Z-2,23,0,whimbrel,release-default,page_verify,726572,49234500,131175,13117500,serial
20260817T052349Z-2,23,0,whimbrel,release-default,activate,729533,49530600,2961,296100,serial
20260817T052349Z-2,23,0,whimbrel,release-default,virtq_init,798623,56439600,69090,6909000,serial
20260817T052349Z-2,23,0,whimbrel,release-default,DRIVER_OK,860575,62634800,61952,6195200,serial
20260817T052349Z-2,23,0,whimbrel,release-default,first_rx,902357,66813000,41782,4178200,serial
20260817T052349Z-2,23,0,whimbrel,release-default,syn_rx,914511,68028400,12154,1215400,serial
20260817T052349Z-2,23,0,whimbrel,release-default,established,922378,68815100,7867,786700,serial
20260817T052349Z-2,23,0,whimbrel,release-default,serving_ready,931473,69724600,9095,909500,serial
20260817T052349Z-2,23,0,whimbrel,release-default,net_init_done,983039,74881200,51566,5156600,serial
20260817T052349Z-2,23,0,whimbrel,release-default,heap_init,983275,74904800,236,23600,serial
20260817T052349Z-2,23,0,whimbrel,release-default,accounting,1004390,77016300,21115,2111500,serial
20260817T052349Z-2,23,0,whimbrel,release-default,freeze,1005397,77117000,1007,100700,serial
20260817T052349Z-2,23,0,whimbrel,release-default,sret,1007566,77333900,2169,216900,serial
20260817T052349Z-2,23,0,whimbrel,release-default,E3g,1026956,79272900,19390,1939000,serial
20260817T052349Z-2,23,0,whimbrel,release-default,E3g_doorbell,1030845,79661800,3889,388900,serial
20260817T052349Z-2,21,0,whimbrel,release-default,_start,233697,0,0,0,serial
20260817T052349Z-2,21,0,whimbrel,release-default,stamp_a,234152,45500,455,45500,serial
20260817T052349Z-2,21,0,whimbrel,release-default,stamp_b,234207,51000,55,5500,serial
20260817T052349Z-2,21,0,whimbrel,release-default,stvec,244382,1068500,10175,1017500,serial
20260817T052349Z-2,21,0,whimbrel,release-default,frame_init,548148,31445100,303766,30376600,serial
20260817T052349Z-2,21,0,whimbrel,release-default,task_init,580942,34724500,32794,3279400,serial
20260817T052349Z-2,21,0,whimbrel,release-default,page_build,592939,35924200,11997,1199700,serial
20260817T052349Z-2,21,0,whimbrel,release-default,page_verify,724141,49044400,131202,13120200,serial
20260817T052349Z-2,21,0,whimbrel,release-default,activate,727067,49337000,2926,292600,serial
20260817T052349Z-2,21,0,whimbrel,release-default,virtq_init,797198,56350100,70131,7013100,serial
20260817T052349Z-2,21,0,whimbrel,release-default,DRIVER_OK,859536,62583900,62338,6233800,serial
20260817T052349Z-2,21,0,whimbrel,release-default,first_rx,892675,65897800,33139,3313900,serial
20260817T052349Z-2,21,0,whimbrel,release-default,syn_rx,904788,67109100,12113,1211300,serial
20260817T052349Z-2,21,0,whimbrel,release-default,established,912498,67880100,7710,771000,serial
20260817T052349Z-2,21,0,whimbrel,release-default,serving_ready,921363,68766600,8865,886500,serial
20260817T052349Z-2,21,0,whimbrel,release-default,net_init_done,972513,73881600,51150,5115000,serial
20260817T052349Z-2,21,0,whimbrel,release-default,heap_init,972744,73904700,231,23100,serial
20260817T052349Z-2,21,0,whimbrel,release-default,accounting,993607,75991000,20863,2086300,serial
20260817T052349Z-2,21,0,whimbrel,release-default,freeze,994600,76090300,993,99300,serial
20260817T052349Z-2,21,0,whimbrel,release-default,sret,996784,76308700,2184,218400,serial
20260817T052349Z-2,21,0,whimbrel,release-default,E3g,1015603,78190600,18819,1881900,serial
20260817T052349Z-2,21,0,whimbrel,release-default,E3g_doorbell,1019220,78552300,3617,361700,serial
20260817T052349Z-2,15,0,whimbrel,release-fast-boot,_start,236334,0,0,0,serial
20260817T052349Z-2,15,0,whimbrel,release-fast-boot,stamp_a,236782,44800,448,44800,serial
20260817T052349Z-2,15,0,whimbrel,release-fast-boot,stamp_b,236838,50400,56,5600,serial
20260817T052349Z-2,15,0,whimbrel,release-fast-boot,stvec,239453,311900,2615,261500,serial
20260817T052349Z-2,15,0,whimbrel,release-fast-boot,frame_init,240891,455700,1438,143800,serial
20260817T052349Z-2,15,0,whimbrel,release-fast-boot,task_init,246763,1042900,5872,587200,serial
20260817T052349Z-2,15,0,whimbrel,release-fast-boot,page_build,261319,2498500,14556,1455600,serial
20260817T052349Z-2,15,0,whimbrel,release-fast-boot,page_verify,285215,4888100,23896,2389600,serial
20260817T052349Z-2,15,0,whimbrel,release-fast-boot,activate,286081,4974700,866,86600,serial
20260817T052349Z-2,15,0,whimbrel,release-fast-boot,virtq_init,294668,5833400,8587,858700,serial
20260817T052349Z-2,15,0,whimbrel,release-fast-boot,DRIVER_OK,300214,6388000,5546,554600,serial
20260817T052349Z-2,15,0,whimbrel,release-fast-boot,first_rx,303271,6693700,3057,305700,serial
20260817T052349Z-2,15,0,whimbrel,release-fast-boot,syn_rx,306109,6977500,2838,283800,serial
20260817T052349Z-2,15,0,whimbrel,release-fast-boot,established,308830,7249600,2721,272100,serial
20260817T052349Z-2,15,0,whimbrel,release-fast-boot,serving_ready,312413,7607900,3583,358300,serial
20260817T052349Z-2,15,0,whimbrel,release-fast-boot,net_init_done,315230,7889600,2817,281700,serial
20260817T052349Z-2,15,0,whimbrel,release-fast-boot,heap_init,315460,7912600,230,23000,serial
20260817T052349Z-2,15,0,whimbrel,release-fast-boot,accounting,315712,7937800,252,25200,serial
20260817T052349Z-2,15,0,whimbrel,release-fast-boot,freeze,315784,7945000,72,7200,serial
20260817T052349Z-2,15,0,whimbrel,release-fast-boot,sret,315972,7963800,188,18800,serial
20260817T052349Z-2,15,0,whimbrel,release-fast-boot,E3g,328400,9206600,12428,1242800,serial
20260817T052349Z-2,15,0,whimbrel,release-fast-boot,E3g_doorbell,329228,9289400,828,82800,serial
20260817T052349Z-2,25,0,whimbrel,release-fast-boot,_start,233645,0,0,0,serial
20260817T052349Z-2,25,0,whimbrel,release-fast-boot,stamp_a,234087,44200,442,44200,serial
20260817T052349Z-2,25,0,whimbrel,release-fast-boot,stamp_b,234141,49600,54,5400,serial
20260817T052349Z-2,25,0,whimbrel,release-fast-boot,stvec,236679,303400,2538,253800,serial
20260817T052349Z-2,25,0,whimbrel,release-fast-boot,frame_init,238085,444000,1406,140600,serial
20260817T052349Z-2,25,0,whimbrel,release-fast-boot,task_init,243903,1025800,5818,581800,serial
20260817T052349Z-2,25,0,whimbrel,release-fast-boot,page_build,258398,2475300,14495,1449500,serial
20260817T052349Z-2,25,0,whimbrel,release-fast-boot,page_verify,282393,4874800,23995,2399500,serial
20260817T052349Z-2,25,0,whimbrel,release-fast-boot,activate,283259,4961400,866,86600,serial
20260817T052349Z-2,25,0,whimbrel,release-fast-boot,virtq_init,291790,5814500,8531,853100,serial
20260817T052349Z-2,25,0,whimbrel,release-fast-boot,DRIVER_OK,297214,6356900,5424,542400,serial
20260817T052349Z-2,25,0,whimbrel,release-fast-boot,first_rx,300323,6667800,3109,310900,serial
20260817T052349Z-2,25,0,whimbrel,release-fast-boot,syn_rx,303183,6953800,2860,286000,serial
20260817T052349Z-2,25,0,whimbrel,release-fast-boot,established,305865,7222000,2682,268200,serial
20260817T052349Z-2,25,0,whimbrel,release-fast-boot,serving_ready,309359,7571400,3494,349400,serial
20260817T052349Z-2,25,0,whimbrel,release-fast-boot,net_init_done,312230,7858500,2871,287100,serial
20260817T052349Z-2,25,0,whimbrel,release-fast-boot,heap_init,312452,7880700,222,22200,serial
20260817T052349Z-2,25,0,whimbrel,release-fast-boot,accounting,312702,7905700,250,25000,serial
20260817T052349Z-2,25,0,whimbrel,release-fast-boot,freeze,312775,7913000,73,7300,serial
20260817T052349Z-2,25,0,whimbrel,release-fast-boot,sret,312964,7931900,189,18900,serial
20260817T052349Z-2,25,0,whimbrel,release-fast-boot,E3g,325329,9168400,12365,1236500,serial
20260817T052349Z-2,25,0,whimbrel,release-fast-boot,E3g_doorbell,326116,9247100,787,78700,serial
20260817T052349Z-2,32,0,whimbrel,release-fast-boot,_start,233033,0,0,0,serial
20260817T052349Z-2,32,0,whimbrel,release-fast-boot,stamp_a,233474,44100,441,44100,serial
20260817T052349Z-2,32,0,whimbrel,release-fast-boot,stamp_b,233528,49500,54,5400,serial
20260817T052349Z-2,32,0,whimbrel,release-fast-boot,stvec,236050,301700,2522,252200,serial
20260817T052349Z-2,32,0,whimbrel,release-fast-boot,frame_init,237456,442300,1406,140600,serial
20260817T052349Z-2,32,0,whimbrel,release-fast-boot,task_init,243232,1019900,5776,577600,serial
20260817T052349Z-2,32,0,whimbrel,release-fast-boot,page_build,257720,2468700,14488,1448800,serial
20260817T052349Z-2,32,0,whimbrel,release-fast-boot,page_verify,281605,4857200,23885,2388500,serial
20260817T052349Z-2,32,0,whimbrel,release-fast-boot,activate,282493,4946000,888,88800,serial
20260817T052349Z-2,32,0,whimbrel,release-fast-boot,virtq_init,290809,5777600,8316,831600,serial
20260817T052349Z-2,32,0,whimbrel,release-fast-boot,DRIVER_OK,296197,6316400,5388,538800,serial
20260817T052349Z-2,32,0,whimbrel,release-fast-boot,first_rx,299322,6628900,3125,312500,serial
20260817T052349Z-2,32,0,whimbrel,release-fast-boot,syn_rx,302115,6908200,2793,279300,serial
20260817T052349Z-2,32,0,whimbrel,release-fast-boot,established,304767,7173400,2652,265200,serial
20260817T052349Z-2,32,0,whimbrel,release-fast-boot,serving_ready,308337,7530400,3570,357000,serial
20260817T052349Z-2,32,0,whimbrel,release-fast-boot,net_init_done,311081,7804800,2744,274400,serial
20260817T052349Z-2,32,0,whimbrel,release-fast-boot,heap_init,311300,7826700,219,21900,serial
20260817T052349Z-2,32,0,whimbrel,release-fast-boot,accounting,311549,7851600,249,24900,serial
20260817T052349Z-2,32,0,whimbrel,release-fast-boot,freeze,311622,7858900,73,7300,serial
20260817T052349Z-2,32,0,whimbrel,release-fast-boot,sret,311809,7877600,187,18700,serial
20260817T052349Z-2,32,0,whimbrel,release-fast-boot,E3g,324140,9110700,12331,1233100,serial
20260817T052349Z-2,32,0,whimbrel,release-fast-boot,E3g_doorbell,324941,9190800,801,80100,serial
20260817T052349Z-2,31,0,whimbrel,release-fast-boot,_start,232271,0,0,0,serial
20260817T052349Z-2,31,0,whimbrel,release-fast-boot,stamp_a,232715,44400,444,44400,serial
20260817T052349Z-2,31,0,whimbrel,release-fast-boot,stamp_b,232769,49800,54,5400,serial
20260817T052349Z-2,31,0,whimbrel,release-fast-boot,stvec,235281,301000,2512,251200,serial
20260817T052349Z-2,31,0,whimbrel,release-fast-boot,frame_init,236678,440700,1397,139700,serial
20260817T052349Z-2,31,0,whimbrel,release-fast-boot,task_init,242447,1017600,5769,576900,serial
20260817T052349Z-2,31,0,whimbrel,release-fast-boot,page_build,256962,2469100,14515,1451500,serial
20260817T052349Z-2,31,0,whimbrel,release-fast-boot,page_verify,280804,4853300,23842,2384200,serial
20260817T052349Z-2,31,0,whimbrel,release-fast-boot,activate,281743,4947200,939,93900,serial
20260817T052349Z-2,31,0,whimbrel,release-fast-boot,virtq_init,290156,5788500,8413,841300,serial
20260817T052349Z-2,31,0,whimbrel,release-fast-boot,DRIVER_OK,295615,6334400,5459,545900,serial
20260817T052349Z-2,31,0,whimbrel,release-fast-boot,first_rx,298690,6641900,3075,307500,serial
20260817T052349Z-2,31,0,whimbrel,release-fast-boot,syn_rx,301510,6923900,2820,282000,serial
20260817T052349Z-2,31,0,whimbrel,release-fast-boot,established,304210,7193900,2700,270000,serial
20260817T052349Z-2,31,0,whimbrel,release-fast-boot,serving_ready,307735,7546400,3525,352500,serial
20260817T052349Z-2,31,0,whimbrel,release-fast-boot,net_init_done,310425,7815400,2690,269000,serial
20260817T052349Z-2,31,0,whimbrel,release-fast-boot,heap_init,310643,7837200,218,21800,serial
20260817T052349Z-2,31,0,whimbrel,release-fast-boot,accounting,310893,7862200,250,25000,serial
20260817T052349Z-2,31,0,whimbrel,release-fast-boot,freeze,310964,7869300,71,7100,serial
20260817T052349Z-2,31,0,whimbrel,release-fast-boot,sret,311152,7888100,188,18800,serial
20260817T052349Z-2,31,0,whimbrel,release-fast-boot,E3g,323551,9128000,12399,1239900,serial
20260817T052349Z-2,31,0,whimbrel,release-fast-boot,E3g_doorbell,324359,9208800,808,80800,serial
20260817T052349Z-2,29,0,whimbrel,release-default,_start,233847,0,0,0,serial
20260817T052349Z-2,29,0,whimbrel,release-default,stamp_a,234338,49100,491,49100,serial
20260817T052349Z-2,29,0,whimbrel,release-default,stamp_b,234393,54600,55,5500,serial
20260817T052349Z-2,29,0,whimbrel,release-default,stvec,244400,1055300,10007,1000700,serial
20260817T052349Z-2,29,0,whimbrel,release-default,frame_init,548176,31432900,303776,30377600,serial
20260817T052349Z-2,29,0,whimbrel,release-default,task_init,580306,34645900,32130,3213000,serial
20260817T052349Z-2,29,0,whimbrel,release-default,page_build,592245,35839800,11939,1193900,serial
20260817T052349Z-2,29,0,whimbrel,release-default,page_verify,721264,48741700,129019,12901900,serial
20260817T052349Z-2,29,0,whimbrel,release-default,activate,724037,49019000,2773,277300,serial
20260817T052349Z-2,29,0,whimbrel,release-default,virtq_init,793721,55987400,69684,6968400,serial
20260817T052349Z-2,29,0,whimbrel,release-default,DRIVER_OK,854921,62107400,61200,6120000,serial
20260817T052349Z-2,29,0,whimbrel,release-default,first_rx,887836,65398900,32915,3291500,serial
20260817T052349Z-2,29,0,whimbrel,release-default,syn_rx,899957,66611000,12121,1212100,serial
20260817T052349Z-2,29,0,whimbrel,release-default,established,907566,67371900,7609,760900,serial
20260817T052349Z-2,29,0,whimbrel,release-default,serving_ready,916329,68248200,8763,876300,serial
20260817T052349Z-2,29,0,whimbrel,release-default,net_init_done,967031,73318400,50702,5070200,serial
20260817T052349Z-2,29,0,whimbrel,release-default,heap_init,967269,73342200,238,23800,serial
20260817T052349Z-2,29,0,whimbrel,release-default,accounting,988012,75416500,20743,2074300,serial
20260817T052349Z-2,29,0,whimbrel,release-default,freeze,988999,75515200,987,98700,serial
20260817T052349Z-2,29,0,whimbrel,release-default,sret,991132,75728500,2133,213300,serial
20260817T052349Z-2,29,0,whimbrel,release-default,E3g,1009804,77595700,18672,1867200,serial
20260817T052349Z-2,29,0,whimbrel,release-default,E3g_doorbell,1013418,77957100,3614,361400,serial
20260817T052349Z-2,26,0,whimbrel,release-fast-boot,_start,234161,0,0,0,serial
20260817T052349Z-2,26,0,whimbrel,release-fast-boot,stamp_a,234600,43900,439,43900,serial
20260817T052349Z-2,26,0,whimbrel,release-fast-boot,stamp_b,234654,49300,54,5400,serial
20260817T052349Z-2,26,0,whimbrel,release-fast-boot,stvec,237183,302200,2529,252900,serial
20260817T052349Z-2,26,0,whimbrel,release-fast-boot,frame_init,238592,443100,1409,140900,serial
20260817T052349Z-2,26,0,whimbrel,release-fast-boot,task_init,244438,1027700,5846,584600,serial
20260817T052349Z-2,26,0,whimbrel,release-fast-boot,page_build,259012,2485100,14574,1457400,serial
20260817T052349Z-2,26,0,whimbrel,release-fast-boot,page_verify,282937,4877600,23925,2392500,serial
20260817T052349Z-2,26,0,whimbrel,release-fast-boot,activate,283839,4967800,902,90200,serial
20260817T052349Z-2,26,0,whimbrel,release-fast-boot,virtq_init,292332,5817100,8493,849300,serial
20260817T052349Z-2,26,0,whimbrel,release-fast-boot,DRIVER_OK,297782,6362100,5450,545000,serial
20260817T052349Z-2,26,0,whimbrel,release-fast-boot,first_rx,300971,6681000,3189,318900,serial
20260817T052349Z-2,26,0,whimbrel,release-fast-boot,syn_rx,303812,6965100,2841,284100,serial
20260817T052349Z-2,26,0,whimbrel,release-fast-boot,established,306460,7229900,2648,264800,serial
20260817T052349Z-2,26,0,whimbrel,release-fast-boot,serving_ready,310060,7589900,3600,360000,serial
20260817T052349Z-2,26,0,whimbrel,release-fast-boot,net_init_done,312834,7867300,2774,277400,serial
20260817T052349Z-2,26,0,whimbrel,release-fast-boot,heap_init,313057,7889600,223,22300,serial
20260817T052349Z-2,26,0,whimbrel,release-fast-boot,accounting,313307,7914600,250,25000,serial
20260817T052349Z-2,26,0,whimbrel,release-fast-boot,freeze,313380,7921900,73,7300,serial
20260817T052349Z-2,26,0,whimbrel,release-fast-boot,sret,313569,7940800,189,18900,serial
20260817T052349Z-2,26,0,whimbrel,release-fast-boot,E3g,326003,9184200,12434,1243400,serial
20260817T052349Z-2,26,0,whimbrel,release-fast-boot,E3g_doorbell,326792,9263100,789,78900,serial
20260817T052349Z-2,14,0,whimbrel,release-fast-boot,_start,232067,0,0,0,serial
20260817T052349Z-2,14,0,whimbrel,release-fast-boot,stamp_a,232562,49500,495,49500,serial
20260817T052349Z-2,14,0,whimbrel,release-fast-boot,stamp_b,232617,55000,55,5500,serial
20260817T052349Z-2,14,0,whimbrel,release-fast-boot,stvec,235138,307100,2521,252100,serial
20260817T052349Z-2,14,0,whimbrel,release-fast-boot,frame_init,236530,446300,1392,139200,serial
20260817T052349Z-2,14,0,whimbrel,release-fast-boot,task_init,242338,1027100,5808,580800,serial
20260817T052349Z-2,14,0,whimbrel,release-fast-boot,page_build,257079,2501200,14741,1474100,serial
20260817T052349Z-2,14,0,whimbrel,release-fast-boot,page_verify,281214,4914700,24135,2413500,serial
20260817T052349Z-2,14,0,whimbrel,release-fast-boot,activate,282090,5002300,876,87600,serial
20260817T052349Z-2,14,0,whimbrel,release-fast-boot,virtq_init,290632,5856500,8542,854200,serial
20260817T052349Z-2,14,0,whimbrel,release-fast-boot,DRIVER_OK,296130,6406300,5498,549800,serial
20260817T052349Z-2,14,0,whimbrel,release-fast-boot,first_rx,299227,6716000,3097,309700,serial
20260817T052349Z-2,14,0,whimbrel,release-fast-boot,syn_rx,302047,6998000,2820,282000,serial
20260817T052349Z-2,14,0,whimbrel,release-fast-boot,established,304803,7273600,2756,275600,serial
20260817T052349Z-2,14,0,whimbrel,release-fast-boot,serving_ready,308341,7627400,3538,353800,serial
20260817T052349Z-2,14,0,whimbrel,release-fast-boot,net_init_done,311156,7908900,2815,281500,serial
20260817T052349Z-2,14,0,whimbrel,release-fast-boot,heap_init,311380,7931300,224,22400,serial
20260817T052349Z-2,14,0,whimbrel,release-fast-boot,accounting,311630,7956300,250,25000,serial
20260817T052349Z-2,14,0,whimbrel,release-fast-boot,freeze,311702,7963500,72,7200,serial
20260817T052349Z-2,14,0,whimbrel,release-fast-boot,sret,311889,7982200,187,18700,serial
20260817T052349Z-2,14,0,whimbrel,release-fast-boot,E3g,324203,9213600,12314,1231400,serial
20260817T052349Z-2,14,0,whimbrel,release-fast-boot,E3g_doorbell,324987,9292000,784,78400,serial
20260817T052349Z-2,16,0,whimbrel,release-default,_start,233048,0,0,0,serial
20260817T052349Z-2,16,0,whimbrel,release-default,stamp_a,233501,45300,453,45300,serial
20260817T052349Z-2,16,0,whimbrel,release-default,stamp_b,233555,50700,54,5400,serial
20260817T052349Z-2,16,0,whimbrel,release-default,stvec,243724,1067600,10169,1016900,serial
20260817T052349Z-2,16,0,whimbrel,release-default,frame_init,548542,31549400,304818,30481800,serial
20260817T052349Z-2,16,0,whimbrel,release-default,task_init,580836,34778800,32294,3229400,serial
20260817T052349Z-2,16,0,whimbrel,release-default,page_build,592818,35977000,11982,1198200,serial
20260817T052349Z-2,16,0,whimbrel,release-default,page_verify,723199,49015100,130381,13038100,serial
20260817T052349Z-2,16,0,whimbrel,release-default,activate,726092,49304400,2893,289300,serial
20260817T052349Z-2,16,0,whimbrel,release-default,virtq_init,796800,56375200,70708,7070800,serial
20260817T052349Z-2,16,0,whimbrel,release-default,DRIVER_OK,859908,62686000,63108,6310800,serial
20260817T052349Z-2,16,0,whimbrel,release-default,first_rx,910729,67768100,50821,5082100,serial
20260817T052349Z-2,16,0,whimbrel,release-default,syn_rx,922936,68988800,12207,1220700,serial
20260817T052349Z-2,16,0,whimbrel,release-default,established,930766,69771800,7830,783000,serial
20260817T052349Z-2,16,0,whimbrel,release-default,serving_ready,939750,70670200,8984,898400,serial
20260817T052349Z-2,16,0,whimbrel,release-default,net_init_done,990939,75789100,51189,5118900,serial
20260817T052349Z-2,16,0,whimbrel,release-default,heap_init,991173,75812500,234,23400,serial
20260817T052349Z-2,16,0,whimbrel,release-default,accounting,1012041,77899300,20868,2086800,serial
20260817T052349Z-2,16,0,whimbrel,release-default,freeze,1013031,77998300,990,99000,serial
20260817T052349Z-2,16,0,whimbrel,release-default,sret,1015174,78212600,2143,214300,serial
20260817T052349Z-2,16,0,whimbrel,release-default,E3g,1034110,80106200,18936,1893600,serial
20260817T052349Z-2,16,0,whimbrel,release-default,E3g_doorbell,1037928,80488000,3818,381800,serial
20260817T052349Z-2,32,0,whimbrel,release-default,_start,233827,0,0,0,serial
20260817T052349Z-2,32,0,whimbrel,release-default,stamp_a,234276,44900,449,44900,serial
20260817T052349Z-2,32,0,whimbrel,release-default,stamp_b,234330,50300,54,5400,serial
20260817T052349Z-2,32,0,whimbrel,release-default,stvec,244447,1062000,10117,1011700,serial
20260817T052349Z-2,32,0,whimbrel,release-default,frame_init,548955,31512800,304508,30450800,serial
20260817T052349Z-2,32,0,whimbrel,release-default,task_init,581917,34809000,32962,3296200,serial
20260817T052349Z-2,32,0,whimbrel,release-default,page_build,594234,36040700,12317,1231700,serial
20260817T052349Z-2,32,0,whimbrel,release-default,page_verify,725149,49132200,130915,13091500,serial
20260817T052349Z-2,32,0,whimbrel,release-default,activate,728033,49420600,2884,288400,serial
20260817T052349Z-2,32,0,whimbrel,release-default,virtq_init,797344,56351700,69311,6931100,serial
20260817T052349Z-2,32,0,whimbrel,release-default,DRIVER_OK,859550,62572300,62206,6220600,serial
20260817T052349Z-2,32,0,whimbrel,release-default,first_rx,893144,65931700,33594,3359400,serial
20260817T052349Z-2,32,0,whimbrel,release-default,syn_rx,905450,67162300,12306,1230600,serial
20260817T052349Z-2,32,0,whimbrel,release-default,established,913191,67936400,7741,774100,serial
20260817T052349Z-2,32,0,whimbrel,release-default,serving_ready,922101,68827400,8910,891000,serial
20260817T052349Z-2,32,0,whimbrel,release-default,net_init_done,973444,73961700,51343,5134300,serial
20260817T052349Z-2,32,0,whimbrel,release-default,heap_init,973679,73985200,235,23500,serial
20260817T052349Z-2,32,0,whimbrel,release-default,accounting,994690,76086300,21011,2101100,serial
20260817T052349Z-2,32,0,whimbrel,release-default,freeze,995675,76184800,985,98500,serial
20260817T052349Z-2,32,0,whimbrel,release-default,sret,997883,76405600,2208,220800,serial
20260817T052349Z-2,32,0,whimbrel,release-default,E3g,1016585,78275800,18702,1870200,serial
20260817T052349Z-2,32,0,whimbrel,release-default,E3g_doorbell,1020366,78653900,3781,378100,serial
20260817T052349Z-2,4,0,whimbrel,release-default,_start,233289,0,0,0,serial
20260817T052349Z-2,4,0,whimbrel,release-default,stamp_a,233746,45700,457,45700,serial
20260817T052349Z-2,4,0,whimbrel,release-default,stamp_b,233799,51000,53,5300,serial
20260817T052349Z-2,4,0,whimbrel,release-default,stvec,243929,1064000,10130,1013000,serial
20260817T052349Z-2,4,0,whimbrel,release-default,frame_init,547707,31441800,303778,30377800,serial
20260817T052349Z-2,4,0,whimbrel,release-default,task_init,580350,34706100,32643,3264300,serial
20260817T052349Z-2,4,0,whimbrel,release-default,page_build,592270,35898100,11920,1192000,serial
20260817T052349Z-2,4,0,whimbrel,release-default,page_verify,722471,48918200,130201,13020100,serial
20260817T052349Z-2,4,0,whimbrel,release-default,activate,725321,49203200,2850,285000,serial
20260817T052349Z-2,4,0,whimbrel,release-default,virtq_init,794321,56103200,69000,6900000,serial
20260817T052349Z-2,4,0,whimbrel,release-default,DRIVER_OK,855602,62231300,61281,6128100,serial
20260817T052349Z-2,4,0,whimbrel,release-default,first_rx,888464,65517500,32862,3286200,serial
20260817T052349Z-2,4,0,whimbrel,release-default,syn_rx,900540,66725100,12076,1207600,serial
20260817T052349Z-2,4,0,whimbrel,release-default,established,908174,67488500,7634,763400,serial
20260817T052349Z-2,4,0,whimbrel,release-default,serving_ready,917008,68371900,8834,883400,serial
20260817T052349Z-2,4,0,whimbrel,release-default,net_init_done,967848,73455900,50840,5084000,serial
20260817T052349Z-2,4,0,whimbrel,release-default,heap_init,968080,73479100,232,23200,serial
20260817T052349Z-2,4,0,whimbrel,release-default,accounting,988978,75568900,20898,2089800,serial
20260817T052349Z-2,4,0,whimbrel,release-default,freeze,989977,75668800,999,99900,serial
20260817T052349Z-2,4,0,whimbrel,release-default,sret,992142,75885300,2165,216500,serial
20260817T052349Z-2,4,0,whimbrel,release-default,E3g,1010964,77767500,18822,1882200,serial
20260817T052349Z-2,4,0,whimbrel,release-default,E3g_doorbell,1014559,78127000,3595,359500,serial
20260817T052349Z-2,6,0,whimbrel,release-default,_start,233870,0,0,0,serial
20260817T052349Z-2,6,0,whimbrel,release-default,stamp_a,234325,45500,455,45500,serial
20260817T052349Z-2,6,0,whimbrel,release-default,stamp_b,234380,51000,55,5500,serial
20260817T052349Z-2,6,0,whimbrel,release-default,stvec,244600,1073000,10220,1022000,serial
20260817T052349Z-2,6,0,whimbrel,release-default,frame_init,564647,33077700,320047,32004700,serial
20260817T052349Z-2,6,0,whimbrel,release-default,task_init,598084,36421400,33437,3343700,serial
20260817T052349Z-2,6,0,whimbrel,release-default,page_build,610297,37642700,12213,1221300,serial
20260817T052349Z-2,6,0,whimbrel,release-default,page_verify,741437,50756700,131140,13114000,serial
20260817T052349Z-2,6,0,whimbrel,release-default,activate,744407,51053700,2970,297000,serial
20260817T052349Z-2,6,0,whimbrel,release-default,virtq_init,813822,57995200,69415,6941500,serial
20260817T052349Z-2,6,0,whimbrel,release-default,DRIVER_OK,875998,64212800,62176,6217600,serial
20260817T052349Z-2,6,0,whimbrel,release-default,first_rx,909504,67563400,33506,3350600,serial
20260817T052349Z-2,6,0,whimbrel,release-default,syn_rx,921603,68773300,12099,1209900,serial
20260817T052349Z-2,6,0,whimbrel,release-default,established,929382,69551200,7779,777900,serial
20260817T052349Z-2,6,0,whimbrel,release-default,serving_ready,938290,70442000,8908,890800,serial
20260817T052349Z-2,6,0,whimbrel,release-default,net_init_done,989256,75538600,50966,5096600,serial
20260817T052349Z-2,6,0,whimbrel,release-default,heap_init,989492,75562200,236,23600,serial
20260817T052349Z-2,6,0,whimbrel,release-default,accounting,1010504,77663400,21012,2101200,serial
20260817T052349Z-2,6,0,whimbrel,release-default,freeze,1011495,77762500,991,99100,serial
20260817T052349Z-2,6,0,whimbrel,release-default,sret,1013693,77982300,2198,219800,serial
20260817T052349Z-2,6,0,whimbrel,release-default,E3g,1032954,79908400,19261,1926100,serial
20260817T052349Z-2,6,0,whimbrel,release-default,E3g_doorbell,1036769,80289900,3815,381500,serial
20260817T052349Z-2,5,0,whimbrel,release-fast-boot,_start,233529,0,0,0,serial
20260817T052349Z-2,5,0,whimbrel,release-fast-boot,stamp_a,233969,44000,440,44000,serial
20260817T052349Z-2,5,0,whimbrel,release-fast-boot,stamp_b,234022,49300,53,5300,serial
20260817T052349Z-2,5,0,whimbrel,release-fast-boot,stvec,236539,301000,2517,251700,serial
20260817T052349Z-2,5,0,whimbrel,release-fast-boot,frame_init,237960,443100,1421,142100,serial
20260817T052349Z-2,5,0,whimbrel,release-fast-boot,task_init,243755,1022600,5795,579500,serial
20260817T052349Z-2,5,0,whimbrel,release-fast-boot,page_build,258207,2467800,14452,1445200,serial
20260817T052349Z-2,5,0,whimbrel,release-fast-boot,page_verify,282166,4863700,23959,2395900,serial
20260817T052349Z-2,5,0,whimbrel,release-fast-boot,activate,283034,4950500,868,86800,serial
20260817T052349Z-2,5,0,whimbrel,release-fast-boot,virtq_init,291593,5806400,8559,855900,serial
20260817T052349Z-2,5,0,whimbrel,release-fast-boot,DRIVER_OK,296971,6344200,5378,537800,serial
20260817T052349Z-2,5,0,whimbrel,release-fast-boot,first_rx,300054,6652500,3083,308300,serial
20260817T052349Z-2,5,0,whimbrel,release-fast-boot,syn_rx,302987,6945800,2933,293300,serial
20260817T052349Z-2,5,0,whimbrel,release-fast-boot,established,305634,7210500,2647,264700,serial
20260817T052349Z-2,5,0,whimbrel,release-fast-boot,serving_ready,309129,7560000,3495,349500,serial
20260817T052349Z-2,5,0,whimbrel,release-fast-boot,net_init_done,312034,7850500,2905,290500,serial
20260817T052349Z-2,5,0,whimbrel,release-fast-boot,heap_init,312257,7872800,223,22300,serial
20260817T052349Z-2,5,0,whimbrel,release-fast-boot,accounting,312507,7897800,250,25000,serial
20260817T052349Z-2,5,0,whimbrel,release-fast-boot,freeze,312580,7905100,73,7300,serial
20260817T052349Z-2,5,0,whimbrel,release-fast-boot,sret,312767,7923800,187,18700,serial
20260817T052349Z-2,5,0,whimbrel,release-fast-boot,E3g,325268,9173900,12501,1250100,serial
20260817T052349Z-2,5,0,whimbrel,release-fast-boot,E3g_doorbell,326063,9253400,795,79500,serial
20260817T052349Z-2,30,0,whimbrel,release-default,_start,233569,0,0,0,serial
20260817T052349Z-2,30,0,whimbrel,release-default,stamp_a,234020,45100,451,45100,serial
20260817T052349Z-2,30,0,whimbrel,release-default,stamp_b,234074,50500,54,5400,serial
20260817T052349Z-2,30,0,whimbrel,release-default,stvec,244125,1055600,10051,1005100,serial
20260817T052349Z-2,30,0,whimbrel,release-default,frame_init,547582,31401300,303457,30345700,serial
20260817T052349Z-2,30,0,whimbrel,release-default,task_init,579308,34573900,31726,3172600,serial
20260817T052349Z-2,30,0,whimbrel,release-default,page_build,591626,35805700,12318,1231800,serial
20260817T052349Z-2,30,0,whimbrel,release-default,page_verify,723545,48997600,131919,13191900,serial
20260817T052349Z-2,30,0,whimbrel,release-default,activate,726387,49281800,2842,284200,serial
20260817T052349Z-2,30,0,whimbrel,release-default,virtq_init,796424,56285500,70037,7003700,serial
20260817T052349Z-2,30,0,whimbrel,release-default,DRIVER_OK,859086,62551700,62662,6266200,serial
20260817T052349Z-2,30,0,whimbrel,release-default,first_rx,892598,65902900,33512,3351200,serial
20260817T052349Z-2,30,0,whimbrel,release-default,syn_rx,904865,67129600,12267,1226700,serial
20260817T052349Z-2,30,0,whimbrel,release-default,established,912580,67901100,7715,771500,serial
20260817T052349Z-2,30,0,whimbrel,release-default,serving_ready,921531,68796200,8951,895100,serial
20260817T052349Z-2,30,0,whimbrel,release-default,net_init_done,972725,73915600,51194,5119400,serial
20260817T052349Z-2,30,0,whimbrel,release-default,heap_init,972954,73938500,229,22900,serial
20260817T052349Z-2,30,0,whimbrel,release-default,accounting,993887,76031800,20933,2093300,serial
20260817T052349Z-2,30,0,whimbrel,release-default,freeze,994887,76131800,1000,100000,serial
20260817T052349Z-2,30,0,whimbrel,release-default,sret,997044,76347500,2157,215700,serial
20260817T052349Z-2,30,0,whimbrel,release-default,E3g,1015975,78240600,18931,1893100,serial
20260817T052349Z-2,30,0,whimbrel,release-default,E3g_doorbell,1019619,78605000,3644,364400,serial
20260817T052349Z-2,33,0,whimbrel,release-fast-boot,_start,234273,0,0,0,serial
20260817T052349Z-2,33,0,whimbrel,release-fast-boot,stamp_a,234717,44400,444,44400,serial
20260817T052349Z-2,33,0,whimbrel,release-fast-boot,stamp_b,234774,50100,57,5700,serial
20260817T052349Z-2,33,0,whimbrel,release-fast-boot,stvec,237386,311300,2612,261200,serial
20260817T052349Z-2,33,0,whimbrel,release-fast-boot,frame_init,238808,453500,1422,142200,serial
20260817T052349Z-2,33,0,whimbrel,release-fast-boot,task_init,244573,1030000,5765,576500,serial
20260817T052349Z-2,33,0,whimbrel,release-fast-boot,page_build,259189,2491600,14616,1461600,serial
20260817T052349Z-2,33,0,whimbrel,release-fast-boot,page_verify,282993,4872000,23804,2380400,serial
20260817T052349Z-2,33,0,whimbrel,release-fast-boot,activate,283841,4956800,848,84800,serial
20260817T052349Z-2,33,0,whimbrel,release-fast-boot,virtq_init,292286,5801300,8445,844500,serial
20260817T052349Z-2,33,0,whimbrel,release-fast-boot,DRIVER_OK,297680,6340700,5394,539400,serial
20260817T052349Z-2,33,0,whimbrel,release-fast-boot,first_rx,300795,6652200,3115,311500,serial
20260817T052349Z-2,33,0,whimbrel,release-fast-boot,syn_rx,303661,6938800,2866,286600,serial
20260817T052349Z-2,33,0,whimbrel,release-fast-boot,established,306378,7210500,2717,271700,serial
20260817T052349Z-2,33,0,whimbrel,release-fast-boot,serving_ready,309954,7568100,3576,357600,serial
20260817T052349Z-2,33,0,whimbrel,release-fast-boot,net_init_done,312736,7846300,2782,278200,serial
20260817T052349Z-2,33,0,whimbrel,release-fast-boot,heap_init,312954,7868100,218,21800,serial
20260817T052349Z-2,33,0,whimbrel,release-fast-boot,accounting,313199,7892600,245,24500,serial
20260817T052349Z-2,33,0,whimbrel,release-fast-boot,freeze,313272,7899900,73,7300,serial
20260817T052349Z-2,33,0,whimbrel,release-fast-boot,sret,313456,7918300,184,18400,serial
20260817T052349Z-2,33,0,whimbrel,release-fast-boot,E3g,325866,9159300,12410,1241000,serial
20260817T052349Z-2,33,0,whimbrel,release-fast-boot,E3g_doorbell,326648,9237500,782,78200,serial
20260817T052349Z-2,27,0,whimbrel,release-fast-boot,_start,234970,0,0,0,serial
20260817T052349Z-2,27,0,whimbrel,release-fast-boot,stamp_a,235418,44800,448,44800,serial
20260817T052349Z-2,27,0,whimbrel,release-fast-boot,stamp_b,235473,50300,55,5500,serial
20260817T052349Z-2,27,0,whimbrel,release-fast-boot,stvec,238055,308500,2582,258200,serial
20260817T052349Z-2,27,0,whimbrel,release-fast-boot,frame_init,239464,449400,1409,140900,serial
20260817T052349Z-2,27,0,whimbrel,release-fast-boot,task_init,245196,1022600,5732,573200,serial
20260817T052349Z-2,27,0,whimbrel,release-fast-boot,page_build,261700,2673000,16504,1650400,serial
20260817T052349Z-2,27,0,whimbrel,release-fast-boot,page_verify,286252,5128200,24552,2455200,serial
20260817T052349Z-2,27,0,whimbrel,release-fast-boot,activate,287126,5215600,874,87400,serial
20260817T052349Z-2,27,0,whimbrel,release-fast-boot,virtq_init,295370,6040000,8244,824400,serial
20260817T052349Z-2,27,0,whimbrel,release-fast-boot,DRIVER_OK,300912,6594200,5542,554200,serial
20260817T052349Z-2,27,0,whimbrel,release-fast-boot,first_rx,304021,6905100,3109,310900,serial
20260817T052349Z-2,27,0,whimbrel,release-fast-boot,syn_rx,306834,7186400,2813,281300,serial
20260817T052349Z-2,27,0,whimbrel,release-fast-boot,established,318650,8368000,11816,1181600,serial
20260817T052349Z-2,27,0,whimbrel,release-fast-boot,serving_ready,322220,8725000,3570,357000,serial
20260817T052349Z-2,27,0,whimbrel,release-fast-boot,net_init_done,325016,9004600,2796,279600,serial
20260817T052349Z-2,27,0,whimbrel,release-fast-boot,heap_init,325239,9026900,223,22300,serial
20260817T052349Z-2,27,0,whimbrel,release-fast-boot,accounting,325488,9051800,249,24900,serial
20260817T052349Z-2,27,0,whimbrel,release-fast-boot,freeze,325561,9059100,73,7300,serial
20260817T052349Z-2,27,0,whimbrel,release-fast-boot,sret,325750,9078000,189,18900,serial
20260817T052349Z-2,27,0,whimbrel,release-fast-boot,E3g,338187,10321700,12437,1243700,serial
20260817T052349Z-2,27,0,whimbrel,release-fast-boot,E3g_doorbell,339116,10414600,929,92900,serial
20260817T052349Z-2,10,0,whimbrel,release-fast-boot,_start,232398,0,0,0,serial
20260817T052349Z-2,10,0,whimbrel,release-fast-boot,stamp_a,232840,44200,442,44200,serial
20260817T052349Z-2,10,0,whimbrel,release-fast-boot,stamp_b,232894,49600,54,5400,serial
20260817T052349Z-2,10,0,whimbrel,release-fast-boot,stvec,235422,302400,2528,252800,serial
20260817T052349Z-2,10,0,whimbrel,release-fast-boot,frame_init,236829,443100,1407,140700,serial
20260817T052349Z-2,10,0,whimbrel,release-fast-boot,task_init,242639,1024100,5810,581000,serial
20260817T052349Z-2,10,0,whimbrel,release-fast-boot,page_build,257156,2475800,14517,1451700,serial
20260817T052349Z-2,10,0,whimbrel,release-fast-boot,page_verify,281259,4886100,24103,2410300,serial
20260817T052349Z-2,10,0,whimbrel,release-fast-boot,activate,282111,4971300,852,85200,serial
20260817T052349Z-2,10,0,whimbrel,release-fast-boot,virtq_init,290445,5804700,8334,833400,serial
20260817T052349Z-2,10,0,whimbrel,release-fast-boot,DRIVER_OK,295762,6336400,5317,531700,serial
20260817T052349Z-2,10,0,whimbrel,release-fast-boot,first_rx,298756,6635800,2994,299400,serial
20260817T052349Z-2,10,0,whimbrel,release-fast-boot,syn_rx,301556,6915800,2800,280000,serial
20260817T052349Z-2,10,0,whimbrel,release-fast-boot,established,304237,7183900,2681,268100,serial
20260817T052349Z-2,10,0,whimbrel,release-fast-boot,serving_ready,307707,7530900,3470,347000,serial
20260817T052349Z-2,10,0,whimbrel,release-fast-boot,net_init_done,310519,7812100,2812,281200,serial
20260817T052349Z-2,10,0,whimbrel,release-fast-boot,heap_init,310740,7834200,221,22100,serial
20260817T052349Z-2,10,0,whimbrel,release-fast-boot,accounting,310990,7859200,250,25000,serial
20260817T052349Z-2,10,0,whimbrel,release-fast-boot,freeze,311062,7866400,72,7200,serial
20260817T052349Z-2,10,0,whimbrel,release-fast-boot,sret,311249,7885100,187,18700,serial
20260817T052349Z-2,10,0,whimbrel,release-fast-boot,E3g,323603,9120500,12354,1235400,serial
20260817T052349Z-2,10,0,whimbrel,release-fast-boot,E3g_doorbell,324373,9197500,770,77000,serial
20260817T052349Z-2,27,0,whimbrel,release-default,_start,233289,0,0,0,serial
20260817T052349Z-2,27,0,whimbrel,release-default,stamp_a,233740,45100,451,45100,serial
20260817T052349Z-2,27,0,whimbrel,release-default,stamp_b,233794,50500,54,5400,serial
20260817T052349Z-2,27,0,whimbrel,release-default,stvec,243930,1064100,10136,1013600,serial
20260817T052349Z-2,27,0,whimbrel,release-default,frame_init,547697,31440800,303767,30376700,serial
20260817T052349Z-2,27,0,whimbrel,release-default,task_init,580150,34686100,32453,3245300,serial
20260817T052349Z-2,27,0,whimbrel,release-default,page_build,592287,35899800,12137,1213700,serial
20260817T052349Z-2,27,0,whimbrel,release-default,page_verify,721929,48864000,129642,12964200,serial
20260817T052349Z-2,27,0,whimbrel,release-default,activate,724784,49149500,2855,285500,serial
20260817T052349Z-2,27,0,whimbrel,release-default,virtq_init,794180,56089100,69396,6939600,serial
20260817T052349Z-2,27,0,whimbrel,release-default,DRIVER_OK,856387,62309800,62207,6220700,serial
20260817T052349Z-2,27,0,whimbrel,release-default,first_rx,889384,65609500,32997,3299700,serial
20260817T052349Z-2,27,0,whimbrel,release-default,syn_rx,901427,66813800,12043,1204300,serial
20260817T052349Z-2,27,0,whimbrel,release-default,established,909036,67574700,7609,760900,serial
20260817T052349Z-2,27,0,whimbrel,release-default,serving_ready,917826,68453700,8790,879000,serial
20260817T052349Z-2,27,0,whimbrel,release-default,net_init_done,968545,73525600,50719,5071900,serial
20260817T052349Z-2,27,0,whimbrel,release-default,heap_init,968774,73548500,229,22900,serial
20260817T052349Z-2,27,0,whimbrel,release-default,accounting,989441,75615200,20667,2066700,serial
20260817T052349Z-2,27,0,whimbrel,release-default,freeze,990432,75714300,991,99100,serial
20260817T052349Z-2,27,0,whimbrel,release-default,sret,992612,75932300,2180,218000,serial
20260817T052349Z-2,27,0,whimbrel,release-default,E3g,1011436,77814700,18824,1882400,serial
20260817T052349Z-2,27,0,whimbrel,release-default,E3g_doorbell,1015132,78184300,3696,369600,serial
20260817T052349Z-2,18,0,whimbrel,release-default,_start,233479,0,0,0,serial
20260817T052349Z-2,18,0,whimbrel,release-default,stamp_a,233966,48700,487,48700,serial
20260817T052349Z-2,18,0,whimbrel,release-default,stamp_b,234019,54000,53,5300,serial
20260817T052349Z-2,18,0,whimbrel,release-default,stvec,244182,1070300,10163,1016300,serial
20260817T052349Z-2,18,0,whimbrel,release-default,frame_init,547897,31441800,303715,30371500,serial
20260817T052349Z-2,18,0,whimbrel,release-default,task_init,580156,34667700,32259,3225900,serial
20260817T052349Z-2,18,0,whimbrel,release-default,page_build,592426,35894700,12270,1227000,serial
20260817T052349Z-2,18,0,whimbrel,release-default,page_verify,723497,49001800,131071,13107100,serial
20260817T052349Z-2,18,0,whimbrel,release-default,activate,726287,49280800,2790,279000,serial
20260817T052349Z-2,18,0,whimbrel,release-default,virtq_init,796157,56267800,69870,6987000,serial
20260817T052349Z-2,18,0,whimbrel,release-default,DRIVER_OK,858643,62516400,62486,6248600,serial
20260817T052349Z-2,18,0,whimbrel,release-default,first_rx,891655,65817600,33012,3301200,serial
20260817T052349Z-2,18,0,whimbrel,release-default,syn_rx,903787,67030800,12132,1213200,serial
20260817T052349Z-2,18,0,whimbrel,release-default,established,911389,67791000,7602,760200,serial
20260817T052349Z-2,18,0,whimbrel,release-default,serving_ready,920305,68682600,8916,891600,serial
20260817T052349Z-2,18,0,whimbrel,release-default,net_init_done,971524,73804500,51219,5121900,serial
20260817T052349Z-2,18,0,whimbrel,release-default,heap_init,971761,73828200,237,23700,serial
20260817T052349Z-2,18,0,whimbrel,release-default,accounting,992740,75926100,20979,2097900,serial
20260817T052349Z-2,18,0,whimbrel,release-default,freeze,993745,76026600,1005,100500,serial
20260817T052349Z-2,18,0,whimbrel,release-default,sret,995938,76245900,2193,219300,serial
20260817T052349Z-2,18,0,whimbrel,release-default,E3g,1014905,78142600,18967,1896700,serial
20260817T052349Z-2,18,0,whimbrel,release-default,E3g_doorbell,1018541,78506200,3636,363600,serial
20260817T052349Z-2,7,0,whimbrel,release-fast-boot,_start,236086,0,0,0,serial
20260817T052349Z-2,7,0,whimbrel,release-fast-boot,stamp_a,236531,44500,445,44500,serial
20260817T052349Z-2,7,0,whimbrel,release-fast-boot,stamp_b,236587,50100,56,5600,serial
20260817T052349Z-2,7,0,whimbrel,release-fast-boot,stvec,239135,304900,2548,254800,serial
20260817T052349Z-2,7,0,whimbrel,release-fast-boot,frame_init,240560,447400,1425,142500,serial
20260817T052349Z-2,7,0,whimbrel,release-fast-boot,task_init,246425,1033900,5865,586500,serial
20260817T052349Z-2,7,0,whimbrel,release-fast-boot,page_build,261388,2530200,14963,1496300,serial
20260817T052349Z-2,7,0,whimbrel,release-fast-boot,page_verify,285905,4981900,24517,2451700,serial
20260817T052349Z-2,7,0,whimbrel,release-fast-boot,activate,286768,5068200,863,86300,serial
20260817T052349Z-2,7,0,whimbrel,release-fast-boot,virtq_init,295364,5927800,8596,859600,serial
20260817T052349Z-2,7,0,whimbrel,release-fast-boot,DRIVER_OK,300862,6477600,5498,549800,serial
20260817T052349Z-2,7,0,whimbrel,release-fast-boot,first_rx,303932,6784600,3070,307000,serial
20260817T052349Z-2,7,0,whimbrel,release-fast-boot,syn_rx,306804,7071800,2872,287200,serial
20260817T052349Z-2,7,0,whimbrel,release-fast-boot,established,309529,7344300,2725,272500,serial
20260817T052349Z-2,7,0,whimbrel,release-fast-boot,serving_ready,313073,7698700,3544,354400,serial
20260817T052349Z-2,7,0,whimbrel,release-fast-boot,net_init_done,315982,7989600,2909,290900,serial
20260817T052349Z-2,7,0,whimbrel,release-fast-boot,heap_init,316208,8012200,226,22600,serial
20260817T052349Z-2,7,0,whimbrel,release-fast-boot,accounting,316460,8037400,252,25200,serial
20260817T052349Z-2,7,0,whimbrel,release-fast-boot,freeze,316535,8044900,75,7500,serial
20260817T052349Z-2,7,0,whimbrel,release-fast-boot,sret,316727,8064100,192,19200,serial
20260817T052349Z-2,7,0,whimbrel,release-fast-boot,E3g,329303,9321700,12576,1257600,serial
20260817T052349Z-2,7,0,whimbrel,release-fast-boot,E3g_doorbell,330101,9401500,798,79800,serial
20260817T052349Z-2,31,0,whimbrel,release-default,_start,232323,0,0,0,serial
20260817T052349Z-2,31,0,whimbrel,release-default,stamp_a,232772,44900,449,44900,serial
20260817T052349Z-2,31,0,whimbrel,release-default,stamp_b,232825,50200,53,5300,serial
20260817T052349Z-2,31,0,whimbrel,release-default,stvec,242908,1058500,10083,1008300,serial
20260817T052349Z-2,31,0,whimbrel,release-default,frame_init,548202,31587900,305294,30529400,serial
20260817T052349Z-2,31,0,whimbrel,release-default,task_init,580804,34848100,32602,3260200,serial
20260817T052349Z-2,31,0,whimbrel,release-default,page_build,592875,36055200,12071,1207100,serial
20260817T052349Z-2,31,0,whimbrel,release-default,page_verify,722918,49059500,130043,13004300,serial
20260817T052349Z-2,31,0,whimbrel,release-default,activate,725908,49358500,2990,299000,serial
20260817T052349Z-2,31,0,whimbrel,release-default,virtq_init,794463,56214000,68555,6855500,serial
20260817T052349Z-2,31,0,whimbrel,release-default,DRIVER_OK,855728,62340500,61265,6126500,serial
20260817T052349Z-2,31,0,whimbrel,release-default,first_rx,888852,65652900,33124,3312400,serial
20260817T052349Z-2,31,0,whimbrel,release-default,syn_rx,900952,66862900,12100,1210000,serial
20260817T052349Z-2,31,0,whimbrel,release-default,established,908620,67629700,7668,766800,serial
20260817T052349Z-2,31,0,whimbrel,release-default,serving_ready,917468,68514500,8848,884800,serial
20260817T052349Z-2,31,0,whimbrel,release-default,net_init_done,968422,73609900,50954,5095400,serial
20260817T052349Z-2,31,0,whimbrel,release-default,heap_init,968667,73634400,245,24500,serial
20260817T052349Z-2,31,0,whimbrel,release-default,accounting,989602,75727900,20935,2093500,serial
20260817T052349Z-2,31,0,whimbrel,release-default,freeze,990584,75826100,982,98200,serial
20260817T052349Z-2,31,0,whimbrel,release-default,sret,992728,76040500,2144,214400,serial
20260817T052349Z-2,31,0,whimbrel,release-default,E3g,1011892,77956900,19164,1916400,serial
20260817T052349Z-2,31,0,whimbrel,release-default,E3g_doorbell,1015755,78343200,3863,386300,serial
20260817T052349Z-2,17,0,whimbrel,release-fast-boot,_start,233383,0,0,0,serial
20260817T052349Z-2,17,0,whimbrel,release-fast-boot,stamp_a,233821,43800,438,43800,serial
20260817T052349Z-2,17,0,whimbrel,release-fast-boot,stamp_b,233875,49200,54,5400,serial
20260817T052349Z-2,17,0,whimbrel,release-fast-boot,stvec,236397,301400,2522,252200,serial
20260817T052349Z-2,17,0,whimbrel,release-fast-boot,frame_init,237847,446400,1450,145000,serial
20260817T052349Z-2,17,0,whimbrel,release-fast-boot,task_init,243647,1026400,5800,580000,serial
20260817T052349Z-2,17,0,whimbrel,release-fast-boot,page_build,258196,2481300,14549,1454900,serial
20260817T052349Z-2,17,0,whimbrel,release-fast-boot,page_verify,282034,4865100,23838,2383800,serial
20260817T052349Z-2,17,0,whimbrel,release-fast-boot,activate,282895,4951200,861,86100,serial
20260817T052349Z-2,17,0,whimbrel,release-fast-boot,virtq_init,291391,5800800,8496,849600,serial
20260817T052349Z-2,17,0,whimbrel,release-fast-boot,DRIVER_OK,296855,6347200,5464,546400,serial
20260817T052349Z-2,17,0,whimbrel,release-fast-boot,first_rx,299984,6660100,3129,312900,serial
20260817T052349Z-2,17,0,whimbrel,release-fast-boot,syn_rx,302843,6946000,2859,285900,serial
20260817T052349Z-2,17,0,whimbrel,release-fast-boot,established,305513,7213000,2670,267000,serial
20260817T052349Z-2,17,0,whimbrel,release-fast-boot,serving_ready,309056,7567300,3543,354300,serial
20260817T052349Z-2,17,0,whimbrel,release-fast-boot,net_init_done,311860,7847700,2804,280400,serial
20260817T052349Z-2,17,0,whimbrel,release-fast-boot,heap_init,312082,7869900,222,22200,serial
20260817T052349Z-2,17,0,whimbrel,release-fast-boot,accounting,312331,7894800,249,24900,serial
20260817T052349Z-2,17,0,whimbrel,release-fast-boot,freeze,312404,7902100,73,7300,serial
20260817T052349Z-2,17,0,whimbrel,release-fast-boot,sret,312592,7920900,188,18800,serial
20260817T052349Z-2,17,0,whimbrel,release-fast-boot,E3g,324945,9156200,12353,1235300,serial
20260817T052349Z-2,17,0,whimbrel,release-fast-boot,E3g_doorbell,325728,9234500,783,78300,serial
20260817T052349Z-2,13,0,whimbrel,release-fast-boot,_start,234423,0,0,0,serial
20260817T052349Z-2,13,0,whimbrel,release-fast-boot,stamp_a,234861,43800,438,43800,serial
20260817T052349Z-2,13,0,whimbrel,release-fast-boot,stamp_b,234916,49300,55,5500,serial
20260817T052349Z-2,13,0,whimbrel,release-fast-boot,stvec,237404,298100,2488,248800,serial
20260817T052349Z-2,13,0,whimbrel,release-fast-boot,frame_init,238839,441600,1435,143500,serial
20260817T052349Z-2,13,0,whimbrel,release-fast-boot,task_init,244699,1027600,5860,586000,serial
20260817T052349Z-2,13,0,whimbrel,release-fast-boot,page_build,259541,2511800,14842,1484200,serial
20260817T052349Z-2,13,0,whimbrel,release-fast-boot,page_verify,283844,4942100,24303,2430300,serial
20260817T052349Z-2,13,0,whimbrel,release-fast-boot,activate,284745,5032200,901,90100,serial
20260817T052349Z-2,13,0,whimbrel,release-fast-boot,virtq_init,293283,5886000,8538,853800,serial
20260817T052349Z-2,13,0,whimbrel,release-fast-boot,DRIVER_OK,298787,6436400,5504,550400,serial
20260817T052349Z-2,13,0,whimbrel,release-fast-boot,first_rx,301945,6752200,3158,315800,serial
20260817T052349Z-2,13,0,whimbrel,release-fast-boot,syn_rx,304707,7028400,2762,276200,serial
20260817T052349Z-2,13,0,whimbrel,release-fast-boot,established,307366,7294300,2659,265900,serial
20260817T052349Z-2,13,0,whimbrel,release-fast-boot,serving_ready,311004,7658100,3638,363800,serial
20260817T052349Z-2,13,0,whimbrel,release-fast-boot,net_init_done,313728,7930500,2724,272400,serial
20260817T052349Z-2,13,0,whimbrel,release-fast-boot,heap_init,313948,7952500,220,22000,serial
20260817T052349Z-2,13,0,whimbrel,release-fast-boot,accounting,314198,7977500,250,25000,serial
20260817T052349Z-2,13,0,whimbrel,release-fast-boot,freeze,314270,7984700,72,7200,serial
20260817T052349Z-2,13,0,whimbrel,release-fast-boot,sret,314458,8003500,188,18800,serial
20260817T052349Z-2,13,0,whimbrel,release-fast-boot,E3g,326789,9236600,12331,1233100,serial
20260817T052349Z-2,13,0,whimbrel,release-fast-boot,E3g_doorbell,327577,9315400,788,78800,serial
20260817T052349Z-2,4,0,whimbrel,release-fast-boot,_start,234275,0,0,0,serial
20260817T052349Z-2,4,0,whimbrel,release-fast-boot,stamp_a,234719,44400,444,44400,serial
20260817T052349Z-2,4,0,whimbrel,release-fast-boot,stamp_b,234774,49900,55,5500,serial
20260817T052349Z-2,4,0,whimbrel,release-fast-boot,stvec,237311,303600,2537,253700,serial
20260817T052349Z-2,4,0,whimbrel,release-fast-boot,frame_init,238778,450300,1467,146700,serial
20260817T052349Z-2,4,0,whimbrel,release-fast-boot,task_init,244610,1033500,5832,583200,serial
20260817T052349Z-2,4,0,whimbrel,release-fast-boot,page_build,259116,2484100,14506,1450600,serial
20260817T052349Z-2,4,0,whimbrel,release-fast-boot,page_verify,282937,4866200,23821,2382100,serial
20260817T052349Z-2,4,0,whimbrel,release-fast-boot,activate,283792,4951700,855,85500,serial
20260817T052349Z-2,4,0,whimbrel,release-fast-boot,virtq_init,292183,5790800,8391,839100,serial
20260817T052349Z-2,4,0,whimbrel,release-fast-boot,DRIVER_OK,297696,6342100,5513,551300,serial
20260817T052349Z-2,4,0,whimbrel,release-fast-boot,first_rx,300813,6653800,3117,311700,serial
20260817T052349Z-2,4,0,whimbrel,release-fast-boot,syn_rx,303597,6932200,2784,278400,serial
20260817T052349Z-2,4,0,whimbrel,release-fast-boot,established,306306,7203100,2709,270900,serial
20260817T052349Z-2,4,0,whimbrel,release-fast-boot,serving_ready,309907,7563200,3601,360100,serial
20260817T052349Z-2,4,0,whimbrel,release-fast-boot,net_init_done,312740,7846500,2833,283300,serial
20260817T052349Z-2,4,0,whimbrel,release-fast-boot,heap_init,312964,7868900,224,22400,serial
20260817T052349Z-2,4,0,whimbrel,release-fast-boot,accounting,313218,7894300,254,25400,serial
20260817T052349Z-2,4,0,whimbrel,release-fast-boot,freeze,313291,7901600,73,7300,serial
20260817T052349Z-2,4,0,whimbrel,release-fast-boot,sret,313481,7920600,190,19000,serial
20260817T052349Z-2,4,0,whimbrel,release-fast-boot,E3g,325924,9164900,12443,1244300,serial
20260817T052349Z-2,4,0,whimbrel,release-fast-boot,E3g_doorbell,326730,9245500,806,80600,serial
20260817T052349Z-2,19,0,whimbrel,release-default,_start,231846,0,0,0,serial
20260817T052349Z-2,19,0,whimbrel,release-default,stamp_a,232298,45200,452,45200,serial
20260817T052349Z-2,19,0,whimbrel,release-default,stamp_b,232350,50400,52,5200,serial
20260817T052349Z-2,19,0,whimbrel,release-default,stvec,242419,1057300,10069,1006900,serial
20260817T052349Z-2,19,0,whimbrel,release-default,frame_init,546185,31433900,303766,30376600,serial
20260817T052349Z-2,19,0,whimbrel,release-default,task_init,579129,34728300,32944,3294400,serial
20260817T052349Z-2,19,0,whimbrel,release-default,page_build,591329,35948300,12200,1220000,serial
20260817T052349Z-2,19,0,whimbrel,release-default,page_verify,722131,49028500,130802,13080200,serial
20260817T052349Z-2,19,0,whimbrel,release-default,activate,724884,49303800,2753,275300,serial
20260817T052349Z-2,19,0,whimbrel,release-default,virtq_init,793561,56171500,68677,6867700,serial
20260817T052349Z-2,19,0,whimbrel,release-default,DRIVER_OK,854906,62306000,61345,6134500,serial
20260817T052349Z-2,19,0,whimbrel,release-default,first_rx,887905,65605900,32999,3299900,serial
20260817T052349Z-2,19,0,whimbrel,release-default,syn_rx,899889,66804300,11984,1198400,serial
20260817T052349Z-2,19,0,whimbrel,release-default,established,907499,67565300,7610,761000,serial
20260817T052349Z-2,19,0,whimbrel,release-default,serving_ready,916330,68448400,8831,883100,serial
20260817T052349Z-2,19,0,whimbrel,release-default,net_init_done,967306,73546000,50976,5097600,serial
20260817T052349Z-2,19,0,whimbrel,release-default,heap_init,967536,73569000,230,23000,serial
20260817T052349Z-2,19,0,whimbrel,release-default,accounting,988550,75670400,21014,2101400,serial
20260817T052349Z-2,19,0,whimbrel,release-default,freeze,989549,75770300,999,99900,serial
20260817T052349Z-2,19,0,whimbrel,release-default,sret,991756,75991000,2207,220700,serial
20260817T052349Z-2,19,0,whimbrel,release-default,E3g,1010740,77889400,18984,1898400,serial
20260817T052349Z-2,19,0,whimbrel,release-default,E3g_doorbell,1014401,78255500,3661,366100,serial
20260817T052349Z-2,25,0,whimbrel,release-default,_start,234600,0,0,0,serial
20260817T052349Z-2,25,0,whimbrel,release-default,stamp_a,235056,45600,456,45600,serial
20260817T052349Z-2,25,0,whimbrel,release-default,stamp_b,235110,51000,54,5400,serial
20260817T052349Z-2,25,0,whimbrel,release-default,stvec,245286,1068600,10176,1017600,serial
20260817T052349Z-2,25,0,whimbrel,release-default,frame_init,549427,31482700,304141,30414100,serial
20260817T052349Z-2,25,0,whimbrel,release-default,task_init,581937,34733700,32510,3251000,serial
20260817T052349Z-2,25,0,whimbrel,release-default,page_build,593951,35935100,12014,1201400,serial
20260817T052349Z-2,25,0,whimbrel,release-default,page_verify,723706,48910600,129755,12975500,serial
20260817T052349Z-2,25,0,whimbrel,release-default,activate,726665,49206500,2959,295900,serial
20260817T052349Z-2,25,0,whimbrel,release-default,virtq_init,796480,56188000,69815,6981500,serial
20260817T052349Z-2,25,0,whimbrel,release-default,DRIVER_OK,858951,62435100,62471,6247100,serial
20260817T052349Z-2,25,0,whimbrel,release-default,first_rx,892450,65785000,33499,3349900,serial
20260817T052349Z-2,25,0,whimbrel,release-default,syn_rx,904583,66998300,12133,1213300,serial
20260817T052349Z-2,25,0,whimbrel,release-default,established,912356,67775600,7773,777300,serial
20260817T052349Z-2,25,0,whimbrel,release-default,serving_ready,921315,68671500,8959,895900,serial
20260817T052349Z-2,25,0,whimbrel,release-default,net_init_done,972289,73768900,50974,5097400,serial
20260817T052349Z-2,25,0,whimbrel,release-default,heap_init,972525,73792500,236,23600,serial
20260817T052349Z-2,25,0,whimbrel,release-default,accounting,993420,75882000,20895,2089500,serial
20260817T052349Z-2,25,0,whimbrel,release-default,freeze,994411,75981100,991,99100,serial
20260817T052349Z-2,25,0,whimbrel,release-default,sret,996600,76200000,2189,218900,serial
20260817T052349Z-2,25,0,whimbrel,release-default,E3g,1015500,78090000,18900,1890000,serial
20260817T052349Z-2,25,0,whimbrel,release-default,E3g_doorbell,1019310,78471000,3810,381000,serial
20260817T052349Z-2,23,0,whimbrel,release-fast-boot,_start,232144,0,0,0,serial
20260817T052349Z-2,23,0,whimbrel,release-fast-boot,stamp_a,232585,44100,441,44100,serial
20260817T052349Z-2,23,0,whimbrel,release-fast-boot,stamp_b,232639,49500,54,5400,serial
20260817T052349Z-2,23,0,whimbrel,release-fast-boot,stvec,235203,305900,2564,256400,serial
20260817T052349Z-2,23,0,whimbrel,release-fast-boot,frame_init,236598,445400,1395,139500,serial
20260817T052349Z-2,23,0,whimbrel,release-fast-boot,task_init,242463,1031900,5865,586500,serial
20260817T052349Z-2,23,0,whimbrel,release-fast-boot,page_build,256967,2482300,14504,1450400,serial
20260817T052349Z-2,23,0,whimbrel,release-fast-boot,page_verify,280815,4867100,23848,2384800,serial
20260817T052349Z-2,23,0,whimbrel,release-fast-boot,activate,281668,4952400,853,85300,serial
20260817T052349Z-2,23,0,whimbrel,release-fast-boot,virtq_init,290018,5787400,8350,835000,serial
20260817T052349Z-2,23,0,whimbrel,release-fast-boot,DRIVER_OK,295356,6321200,5338,533800,serial
20260817T052349Z-2,23,0,whimbrel,release-fast-boot,first_rx,298472,6632800,3116,311600,serial
20260817T052349Z-2,23,0,whimbrel,release-fast-boot,syn_rx,301262,6911800,2790,279000,serial
20260817T052349Z-2,23,0,whimbrel,release-fast-boot,established,303960,7181600,2698,269800,serial
20260817T052349Z-2,23,0,whimbrel,release-fast-boot,serving_ready,307488,7534400,3528,352800,serial
20260817T052349Z-2,23,0,whimbrel,release-fast-boot,net_init_done,310294,7815000,2806,280600,serial
20260817T052349Z-2,23,0,whimbrel,release-fast-boot,heap_init,310514,7837000,220,22000,serial
20260817T052349Z-2,23,0,whimbrel,release-fast-boot,accounting,310762,7861800,248,24800,serial
20260817T052349Z-2,23,0,whimbrel,release-fast-boot,freeze,310835,7869100,73,7300,serial
20260817T052349Z-2,23,0,whimbrel,release-fast-boot,sret,311024,7888000,189,18900,serial
20260817T052349Z-2,23,0,whimbrel,release-fast-boot,E3g,323389,9124500,12365,1236500,serial
20260817T052349Z-2,23,0,whimbrel,release-fast-boot,E3g_doorbell,324164,9202000,775,77500,serial
20260817T052349Z-2,12,0,whimbrel,release-fast-boot,_start,232220,0,0,0,serial
20260817T052349Z-2,12,0,whimbrel,release-fast-boot,stamp_a,232664,44400,444,44400,serial
20260817T052349Z-2,12,0,whimbrel,release-fast-boot,stamp_b,232719,49900,55,5500,serial
20260817T052349Z-2,12,0,whimbrel,release-fast-boot,stvec,235344,312400,2625,262500,serial
20260817T052349Z-2,12,0,whimbrel,release-fast-boot,frame_init,236731,451100,1387,138700,serial
20260817T052349Z-2,12,0,whimbrel,release-fast-boot,task_init,242459,1023900,5728,572800,serial
20260817T052349Z-2,12,0,whimbrel,release-fast-boot,page_build,256972,2475200,14513,1451300,serial
20260817T052349Z-2,12,0,whimbrel,release-fast-boot,page_verify,280877,4865700,23905,2390500,serial
20260817T052349Z-2,12,0,whimbrel,release-fast-boot,activate,281727,4950700,850,85000,serial
20260817T052349Z-2,12,0,whimbrel,release-fast-boot,virtq_init,290126,5790600,8399,839900,serial
20260817T052349Z-2,12,0,whimbrel,release-fast-boot,DRIVER_OK,295498,6327800,5372,537200,serial
20260817T052349Z-2,12,0,whimbrel,release-fast-boot,first_rx,298559,6633900,3061,306100,serial
20260817T052349Z-2,12,0,whimbrel,release-fast-boot,syn_rx,301307,6908700,2748,274800,serial
20260817T052349Z-2,12,0,whimbrel,release-fast-boot,established,303947,7172700,2640,264000,serial
20260817T052349Z-2,12,0,whimbrel,release-fast-boot,serving_ready,307485,7526500,3538,353800,serial
20260817T052349Z-2,12,0,whimbrel,release-fast-boot,net_init_done,310333,7811300,2848,284800,serial
20260817T052349Z-2,12,0,whimbrel,release-fast-boot,heap_init,310553,7833300,220,22000,serial
20260817T052349Z-2,12,0,whimbrel,release-fast-boot,accounting,310799,7857900,246,24600,serial
20260817T052349Z-2,12,0,whimbrel,release-fast-boot,freeze,310870,7865000,71,7100,serial
20260817T052349Z-2,12,0,whimbrel,release-fast-boot,sret,311057,7883700,187,18700,serial
20260817T052349Z-2,12,0,whimbrel,release-fast-boot,E3g,323269,9104900,12212,1221200,serial
20260817T052349Z-2,12,0,whimbrel,release-fast-boot,E3g_doorbell,324070,9185000,801,80100,serial
20260817T052349Z-2,8,0,whimbrel,release-default,_start,233252,0,0,0,serial
20260817T052349Z-2,8,0,whimbrel,release-default,stamp_a,233712,46000,460,46000,serial
20260817T052349Z-2,8,0,whimbrel,release-default,stamp_b,233766,51400,54,5400,serial
20260817T052349Z-2,8,0,whimbrel,release-default,stvec,243914,1066200,10148,1014800,serial
20260817T052349Z-2,8,0,whimbrel,release-default,frame_init,547696,31444400,303782,30378200,serial
20260817T052349Z-2,8,0,whimbrel,release-default,task_init,580627,34737500,32931,3293100,serial
20260817T052349Z-2,8,0,whimbrel,release-default,page_build,592798,35954600,12171,1217100,serial
20260817T052349Z-2,8,0,whimbrel,release-default,page_verify,723647,49039500,130849,13084900,serial
20260817T052349Z-2,8,0,whimbrel,release-default,activate,726360,49310800,2713,271300,serial
20260817T052349Z-2,8,0,whimbrel,release-default,virtq_init,795665,56241300,69305,6930500,serial
20260817T052349Z-2,8,0,whimbrel,release-default,DRIVER_OK,857991,62473900,62326,6232600,serial
20260817T052349Z-2,8,0,whimbrel,release-default,first_rx,891106,65785400,33115,3311500,serial
20260817T052349Z-2,8,0,whimbrel,release-default,syn_rx,903266,67001400,12160,1216000,serial
20260817T052349Z-2,8,0,whimbrel,release-default,established,910964,67771200,7698,769800,serial
20260817T052349Z-2,8,0,whimbrel,release-default,serving_ready,919802,68655000,8838,883800,serial
20260817T052349Z-2,8,0,whimbrel,release-default,net_init_done,971573,73832100,51771,5177100,serial
20260817T052349Z-2,8,0,whimbrel,release-default,heap_init,971810,73855800,237,23700,serial
20260817T052349Z-2,8,0,whimbrel,release-default,accounting,992973,75972100,21163,2116300,serial
20260817T052349Z-2,8,0,whimbrel,release-default,freeze,993976,76072400,1003,100300,serial
20260817T052349Z-2,8,0,whimbrel,release-default,sret,996161,76290900,2185,218500,serial
20260817T052349Z-2,8,0,whimbrel,release-default,E3g,1015142,78189000,18981,1898100,serial
20260817T052349Z-2,8,0,whimbrel,release-default,E3g_doorbell,1018828,78557600,3686,368600,serial
20260817T052349Z-2,13,0,whimbrel,release-default,_start,233780,0,0,0,serial
20260817T052349Z-2,13,0,whimbrel,release-default,stamp_a,234231,45100,451,45100,serial
20260817T052349Z-2,13,0,whimbrel,release-default,stamp_b,234285,50500,54,5400,serial
20260817T052349Z-2,13,0,whimbrel,release-default,stvec,244471,1069100,10186,1018600,serial
20260817T052349Z-2,13,0,whimbrel,release-default,frame_init,549929,31614900,305458,30545800,serial
20260817T052349Z-2,13,0,whimbrel,release-default,task_init,582147,34836700,32218,3221800,serial
20260817T052349Z-2,13,0,whimbrel,release-default,page_build,594140,36036000,11993,1199300,serial
20260817T052349Z-2,13,0,whimbrel,release-default,page_verify,724440,49066000,130300,13030000,serial
20260817T052349Z-2,13,0,whimbrel,release-default,activate,727297,49351700,2857,285700,serial
20260817T052349Z-2,13,0,whimbrel,release-default,virtq_init,796309,56252900,69012,6901200,serial
20260817T052349Z-2,13,0,whimbrel,release-default,DRIVER_OK,858237,62445700,61928,6192800,serial
20260817T052349Z-2,13,0,whimbrel,release-default,first_rx,891487,65770700,33250,3325000,serial
20260817T052349Z-2,13,0,whimbrel,release-default,syn_rx,903643,66986300,12156,1215600,serial
20260817T052349Z-2,13,0,whimbrel,release-default,established,911373,67759300,7730,773000,serial
20260817T052349Z-2,13,0,whimbrel,release-default,serving_ready,920247,68646700,8874,887400,serial
20260817T052349Z-2,13,0,whimbrel,release-default,net_init_done,970954,73717400,50707,5070700,serial
20260817T052349Z-2,13,0,whimbrel,release-default,heap_init,971191,73741100,237,23700,serial
20260817T052349Z-2,13,0,whimbrel,release-default,accounting,992029,75824900,20838,2083800,serial
20260817T052349Z-2,13,0,whimbrel,release-default,freeze,993011,75923100,982,98200,serial
20260817T052349Z-2,13,0,whimbrel,release-default,sret,995147,76136700,2136,213600,serial
20260817T052349Z-2,13,0,whimbrel,release-default,E3g,1014080,78030000,18933,1893300,serial
20260817T052349Z-2,13,0,whimbrel,release-default,E3g_doorbell,1017842,78406200,3762,376200,serial
20260817T052349Z-2,11,0,whimbrel,release-fast-boot,_start,235892,0,0,0,serial
20260817T052349Z-2,11,0,whimbrel,release-fast-boot,stamp_a,236337,44500,445,44500,serial
20260817T052349Z-2,11,0,whimbrel,release-fast-boot,stamp_b,236393,50100,56,5600,serial
20260817T052349Z-2,11,0,whimbrel,release-fast-boot,stvec,239036,314400,2643,264300,serial
20260817T052349Z-2,11,0,whimbrel,release-fast-boot,frame_init,240462,457000,1426,142600,serial
20260817T052349Z-2,11,0,whimbrel,release-fast-boot,task_init,246277,1038500,5815,581500,serial
20260817T052349Z-2,11,0,whimbrel,release-fast-boot,page_build,260821,2492900,14544,1454400,serial
20260817T052349Z-2,11,0,whimbrel,release-fast-boot,page_verify,284459,4856700,23638,2363800,serial
20260817T052349Z-2,11,0,whimbrel,release-fast-boot,activate,285371,4947900,912,91200,serial
20260817T052349Z-2,11,0,whimbrel,release-fast-boot,virtq_init,293993,5810100,8622,862200,serial
20260817T052349Z-2,11,0,whimbrel,release-fast-boot,DRIVER_OK,299596,6370400,5603,560300,serial
20260817T052349Z-2,11,0,whimbrel,release-fast-boot,first_rx,302730,6683800,3134,313400,serial
20260817T052349Z-2,11,0,whimbrel,release-fast-boot,syn_rx,305541,6964900,2811,281100,serial
20260817T052349Z-2,11,0,whimbrel,release-fast-boot,established,308301,7240900,2760,276000,serial
20260817T052349Z-2,11,0,whimbrel,release-fast-boot,serving_ready,311921,7602900,3620,362000,serial
20260817T052349Z-2,11,0,whimbrel,release-fast-boot,net_init_done,314714,7882200,2793,279300,serial
20260817T052349Z-2,11,0,whimbrel,release-fast-boot,heap_init,314941,7904900,227,22700,serial
20260817T052349Z-2,11,0,whimbrel,release-fast-boot,accounting,315192,7930000,251,25100,serial
20260817T052349Z-2,11,0,whimbrel,release-fast-boot,freeze,315265,7937300,73,7300,serial
20260817T052349Z-2,11,0,whimbrel,release-fast-boot,sret,315456,7956400,191,19100,serial
20260817T052349Z-2,11,0,whimbrel,release-fast-boot,E3g,328052,9216000,12596,1259600,serial
20260817T052349Z-2,11,0,whimbrel,release-fast-boot,E3g_doorbell,328843,9295100,791,79100,serial
